{"current":{"use_quick_view":true,"general_placement":"full","boxes_mode_bg":"image","body_bg_color":"#fdfcfc","size_h1":"36px","size_h2":"29px","size_h3":"23px","size_h4":"15px","size_h5":"13px","size_h6":"9px","body_bg":"#f6f6f6","body_general_color":"#898989","body_title_color":"#292929","body_banner_text_color":"#ffffff","body_link_color":"#292929","body_link_hover_color":"#e18a07","body_icon_social_color":"#cccccc","body_border_color":"#b6b6b6","header_font_1":"Francois One","nav_font":"Lato","nav_size":"13px","general_font_1":"Lato","body_font_size":"13px","use_saleoff":"saleoff_txt","saleoff_txt":"Sale","saleoff_color":"#ffffff","saleoff_bg_color":"#898989","product_price_color":"#333333","product_sale_price_color":"#e18a07","product_sold_out_price_color":"#eeeeee","btn1_bg":"rgba(0,0,0,0)","btn1_txt":"#ffffff","btn1_border":"#ffffff","btn1_bg_hover":"#e18a07","btn1_txt_hover":"#ffffff","btn1_border_hover":"#e18a07","btn2_bg":"#e6e6e6","btn2_txt":"#292929","btn2_border":"#e6e6e6","btn2_bg_hover":"#292929","btn2_txt_hover":"#ffffff","btn2_border_hover":"#292929","btn3_bg":"#292929","btn3_txt":"#ffffff","btn3_border":"#292929","btn3_bg_hover":"#e18a07","btn3_txt_hover":"#ffffff","btn3_border_hover":"#e18a07","btn4_bg":"#e18a07","btn4_txt":"#ffffff","btn4_border":"#e18a07","btn4_bg_hover":"#cccccc","btn4_txt_hover":"#ffffff","btn4_border_hover":"#cccccc","show_back_to_top":true,"title_back_to_top":"Up To Top","show_mailchip_popup":true,"mailchip_popup_bg":true,"mailchip_popup_heading":"We want you","mailchip_popup_action":"\/\/bitcode.us10.list-manage.com\/subscribe\/post?u=55ec8b9611a3d9c0ad6f3fc62&amp;id=1cbb85b057","mailchip_popup_content_1":"We promise we won’t write to you often, only for the fun stuff.","mailchip_popup_content_2":"SIGN UP FOR UPDATES,NEW ARRIVALS,BEST DEAL\r\nAND INSIDER ONLY DISCOUNTS","mailchip_popup_placeholder":"Your email...","mailchip_popup_button":"Subcribe","mailchip_popup_expires":"1","mailchip_popup_social_show":true,"show_multiple_currencies":true,"show_flag_currencies":true,"currency_format":"money_format","supported_currencies":"USD EUR GBP","default_currency":"USD","header_placement":"full","header_color":"#ffffff","header_hover_color":"#e18a07","header_top_bg":"#262626","header_bg":"rgba(0,0,0,0)","header_border":"#ffffff","site_logo":"logo.png","logo_text":"Adeline","logo_color":"#202020","logo_hover_color":"#202020","logo_size":"48px","top_box_hotline":"hot line: +84 0912456789","show_header_customer_links":true,"nav_linklist":"main-menu","nav_link_color":"#262626","nav_hover_color":"#e18a07","dropdown_bg_color":"#ffffff","dropdown_item_color":"#292929","dropdown_item_color_hover":"#e18a07","show_search":true,"search_placeholder":"Search...","show_cart":true,"effect_after_add_cart":"other","use_super_megamenu":true,"mega_linklist_1":"shop","mega_menu_bg_1":"bg_color","mega_menu_bg_color_1":"#ffffff","mega_menu_min_height_1":"300px","mega_menu_1_col_1":"linlist","mega_menu_1_width_col_1":"3","mega_menu_1_ll_col_1":"col-1-menu-1","mega_menu_1_product_col_1":"","mega_menu_1_image_link_col_1":"","mega_menu_1_cb_col_1":"","mega_menu_1_col_2":"product","mega_menu_1_width_col_2":"3","mega_menu_1_ll_col_2":"","mega_menu_1_product_col_2":"condax-product-sample","mega_menu_1_image_link_col_2":"","mega_menu_1_cb_col_2":"","mega_menu_1_col_3":"product","mega_menu_1_width_col_3":"3","mega_menu_1_ll_col_3":"","mega_menu_1_product_col_3":"latop-product-sample","mega_menu_1_image_link_col_3":"","mega_menu_1_cb_col_3":"","mega_menu_1_col_4":"product","mega_menu_1_width_col_4":"3","mega_menu_1_ll_col_4":"","mega_menu_1_product_col_4":"consectetur-nibh-eget","mega_menu_1_image_link_col_4":"","mega_menu_1_cb_col_4":"","mega_linklist_2":"","mega_menu_bg_2":"bg_color","mega_menu_bg_color_2":"#ffffff","mega_menu_min_height_2":"300","mega_menu_2_col_1":"linlist","mega_menu_2_width_col_1":"3","mega_menu_2_ll_col_1":"","mega_menu_2_product_col_1":"tinlex-product-sample","mega_menu_2_image_link_col_1":"\/collections","mega_menu_2_cb_col_1":"custom-block","mega_menu_2_col_2":"product","mega_menu_2_width_col_2":"3","mega_menu_2_ll_col_2":"","mega_menu_2_product_col_2":"tropical-product-sample","mega_menu_2_image_link_col_2":"","mega_menu_2_cb_col_2":"","mega_menu_2_col_3":"product","mega_menu_2_width_col_3":"3","mega_menu_2_ll_col_3":"","mega_menu_2_product_col_3":"danin-product-sample","mega_menu_2_image_link_col_3":"","mega_menu_2_cb_col_3":"","mega_menu_2_col_4":"product","mega_menu_2_width_col_4":"3","mega_menu_2_ll_col_4":"","mega_menu_2_product_col_4":"lexiing-product-sample","mega_menu_2_image_link_col_4":"","mega_menu_2_cb_col_4":"","show_sticky_menu":false,"distance_top_sticky_menu":"600","sticky_menu_bg":"#292929","sticky_menu_bg_opacity":false,"sticky_menu_text_color":"#ffffff","home_slideshow_placement":"full","home_slideshow_auto":false,"home_slideshow_navigator":true,"home_slideshow_paging":false,"home_slideshow_flex_animation":"fade","show_slide_1":true,"link_slide_1":"\/collections","color_style_slide_1":"light","align_slide_1":"text-left","position_slide_1":"35%","position_left_slide_1":"","content_layer_first_1":"none","heading_slide_1":"Line Blazer","heading_slide_color_1":"#292929","heading_slide_size_1":"28px","heading_slide_animation_1":"moveFromRight","heading_slide_animation_delay_1":"0s","content_layer_second_1":"none","caption_slide_1":"New Collection 2015","caption_slide_color_1":"#292929","caption_slide_size_1":"13px","caption_slide_animation_1":"moveFromRight","caption_slide_animation_delay_1":"2s","button_first_slide_1":"","button_first_slide_link_1":"\/products\/airtone-product-sample","button_second_slide_1":"","button_second_slide_link_1":"\/collections\/bags","button_slide_animation_1":"moveFromBottom","button_slide_animation_delay_1":"3s","show_slide_2":true,"link_slide_2":"collections\/all","color_style_slide_2":"dark","align_slide_2":"text-left","position_slide_2":"30%","position_left_slide_2":"","content_layer_first_2":"none","heading_slide_2":"Gold Watch","heading_slide_color_2":"#333333","heading_slide_size_2":"28px","heading_slide_animation_2":"moveFromLeft","heading_slide_animation_delay_2":"0s","content_layer_second_2":"none","caption_slide_2":"Luxury gold 24k new watch collection","caption_slide_color_2":"#e9e9e9","caption_slide_size_2":"13px","caption_slide_animation_2":"moveFromBottom","caption_slide_animation_delay_2":"1s","button_first_slide_2":"","button_first_slide_link_2":"\/collections\/clothing","button_second_slide_2":"","button_second_slide_link_2":"\/products\/danin-product-sample","button_slide_animation_2":"fadeIn","button_slide_animation_delay_2":"2s","show_slide_3":false,"link_slide_3":"#","color_style_slide_3":"light","align_slide_3":"text-center","position_slide_3":"25%","position_left_slide_3":"","content_layer_first_3":"none","heading_slide_3":"","heading_slide_color_3":"#ffffff","heading_slide_size_3":"32px","heading_slide_animation_3":"moveFromLeft","heading_slide_animation_delay_3":"1s","content_layer_second_3":"none","caption_slide_3":"","caption_slide_color_3":"#000000","caption_slide_size_3":"14px","caption_slide_animation_3":"moveFromLeft","caption_slide_animation_delay_3":"0s","button_first_slide_3":"","button_first_slide_link_3":"","button_second_slide_3":"","button_second_slide_link_3":"","button_slide_animation_3":"moveFromLeft","button_slide_animation_delay_3":"7s","show_slide_4":true,"link_slide_4":"#","color_style_slide_4":"dark","align_slide_4":"text-center","position_slide_4":"25%","position_left_slide_4":"","content_layer_first_4":"none","heading_slide_4":"","heading_slide_color_4":"#ffffff","heading_slide_size_4":"30px","heading_slide_animation_4":"moveFromTop","heading_slide_animation_delay_4":"1s","content_layer_second_4":"none","caption_slide_4":"","caption_slide_color_4":"#ffffff","caption_slide_size_4":"14px","caption_slide_animation_4":"moveFromRight","caption_slide_animation_delay_4":"3s","button_first_slide_4":"","button_first_slide_link_4":"","button_second_slide_4":"","button_second_slide_link_4":"","button_slide_animation_4":"moveFromLeft","button_slide_animation_delay_4":"5s","show_slide_5":false,"link_slide_5":"#","color_style_slide_5":"dark","align_slide_5":"text-center","position_slide_5":"25%","position_left_slide_5":"","content_layer_first_5":"none","heading_slide_5":"","heading_slide_color_5":"#ffffff","heading_slide_size_5":"30px","heading_slide_animation_5":"moveFromTop","heading_slide_animation_delay_5":"1s","content_layer_second_5":"none","caption_slide_5":"","caption_slide_color_5":"#ffffff","caption_slide_size_5":"14px","caption_slide_animation_5":"moveFromLeft","caption_slide_animation_delay_5":"5s","button_first_slide_5":"","button_first_slide_link_5":"","button_second_slide_5":"","button_second_slide_link_5":"","button_slide_animation_5":"moveFromLeft","button_slide_animation_delay_5":"5s","show_home_banner_top":true,"show_hbt_left":true,"hbt_width_left":"6","hbt_link_left":"\/collections\/clothing","show_hbt_right":true,"hbt_width_right":"6","show_hbt_right_1":true,"hbt_width_right_1":"12","hbt_link_right_1":"\/collections\/shoes","show_hbt_right_2":true,"hbt_width_right_2":"6","hbt_link_right_2":"\/collections\/bags","show_hbt_right_3":true,"hbt_width_right_3":"6","hbt_link_right_3":"\/collections\/accessories","home_tabs_show":true,"home_tabs_heading":"Just Arrival","home_tabs_caption":"update your style with us","number_item_home_tabs":"8","col_tab_1":"bags","col_tab_2":"jean","col_tab_3":"accessories","col_tab_4":"","col_tab_5":"","col_tab_6":"","home_block_parallax_show":true,"home_bp_heading":"CUSTOMER SAYS","home_bp_color":"#ffffff","home_bp_height":"470px","home_bp_position":"5%","show_home_block_parallax_1":true,"home_bp_caption_1":"Adeline theme is a premium shopify theme with flexible theme options, it looks stunning on all types of screens and devices. It is a great theme.","home_bp_author_1":"Christiana","show_home_block_parallax_2":true,"home_bp_caption_2":"Adeline theme is a premium shopify theme with flexible theme options, it looks stunning on all types of screens and devices. It is a great theme.","home_bp_author_2":"James","show_home_block_parallax_3":true,"home_bp_caption_3":"Adeline theme is a premium shopify theme with flexible theme options, it looks stunning on all types of screens and devices. It is a great theme.","home_bp_author_3":"Charles","home_sp_text":true,"home_sp_heading_text_1":"Sale","home_sp_subheading_text_1":"Final reduction","home_sp_caption_text_1":"up to 70% off","home_sp":true,"home_sp_1":"danin-product-sample","home_sp_2":"latop-product-sample","home_sp_3":"lexiing-product-sample","home_sp_4":"lottex-product-sample","home_sp_5":"","home_sp_6":"","home_blog_show":true,"home_blog_heading":"Lastest News","home_blog_select":"blog","home_blog_number":"3","show_instagram":true,"instagram_heading":"Adeline Instagram","instagram_caption":"## Want to see your self??? Share your look on our instagram","instagram_id":"872faed9dc3d42aca30475f0799618fb","instagram_token":"1956216698.872faed.3a26e6c674d34e919c73b0e4770c0837","instagram_userid":"1956216698","instagram_username":"bitcodeco","instagram_number":"10","instagram_button":"View Gallery","instagram_button_link":"#","show_brands":true,"brands_logo_show_1":true,"brands_link_1":"\/collections\/accessories\/brand_accesi","brands_logo_show_2":true,"brands_link_2":"\/collections\/clothing\/brand_guuci","brands_logo_show_3":true,"brands_link_3":"\/collections\/bags\/brand_handitech","brands_logo_show_4":true,"brands_link_4":"\/collections\/bags\/brand_luxurica","brands_logo_show_5":true,"brands_link_5":"\/collections\/clothing\/band_lingeriez","brands_logo_show_6":true,"brands_link_6":"\/collections\/clothing\/brand_converse","brands_logo_show_7":true,"brands_link_7":"\/collections\/glasses\/brand_glasta","brands_logo_show_8":true,"brands_link_8":"\/collections\/accessories\/brand_accesi","use_limited_offers":true,"heading_limited_offers":"<span>Hot<\/span>Deal","heading_limited_offers_color":"#ffffff","heading_limited_offers_bg":"#e18a07","use_offer_1":true,"product_handle_offer_1":"danin-product-sample","expire_offer_1":"06-08-2016","use_offer_2":true,"product_handle_offer_2":"latop-product-sample","expire_offer_2":"06-08-2017","use_offer_3":true,"product_handle_offer_3":"lexiing-product-sample","expire_offer_3":"06-09-2016","use_offer_4":true,"product_handle_offer_4":"lottex-product-sample","expire_offer_4":"06-09-2018","use_offer_5":true,"product_handle_offer_5":"airtone-product-sample","expire_offer_5":"06-05-2017","use_offer_6":true,"product_handle_offer_6":"ranflex-product-sample","expire_offer_6":"06-05-2018","use_offer_7":true,"product_handle_offer_7":"quisque-placerat-libero","expire_offer_7":"06-010-2018","use_offer_8":false,"product_handle_offer_8":"","expire_offer_8":"","use_offer_9":false,"product_handle_offer_9":"","expire_offer_9":"","use_offer_10":false,"product_handle_offer_10":"","expire_offer_10":"","use_offer_11":false,"product_handle_offer_11":"","expire_offer_11":"","use_offer_12":false,"product_handle_offer_12":"","expire_offer_12":"","use_offer_13":false,"product_handle_offer_13":"","expire_offer_13":"","use_offer_14":false,"product_handle_offer_14":"","expire_offer_14":"","use_offer_15":false,"product_handle_offer_15":"","expire_offer_15":"","footer_placement":"full","footer_bg":"#292929","footer_copyright_bg":"#292929","footer_border":"#e6e6e6","footer_title_color":"#898989","footer_text_color":"#898989","footer_color":"#898989","footer_color_hover":"#e18a07","footer_about_shop_block":"default","footer_about_shop_caption":"We ship to more than 100 countries and our eclectic British style is known all over the world.","footer_about_shop_block_snippet":"custom-block","footer_categories_block":"default","footer_categories_heading":"Categories","footer_categories_block_snippet":"custom-block","footer_about_store_block":"default","footer_about_store_heading":"About Store","footer_about_store_linklist":"customer-care","footer_about_store_block_snippet":"","footer_cs_block":"default","footer_cs_heading":"Customer Care","footer_cs_linklist":"customer-care","footer_cs_block_snippet":"custom-block","footer_info_block":"default","footer_info_heading":"Information","footer_info_linklist":"footer","footer_info_block_snippet":"custom-block","show_mailing_list":true,"mailing_list_heading":"Newsletters","mailing_form_action":"\/\/bitcode.us10.list-manage.com\/subscribe\/post?u=55ec8b9611a3d9c0ad6f3fc62&amp;id=1cbb85b057","mailing_list_email_text":"enter your email address","mailing_list_button":"Subscribe","show_social_icons":true,"social_icons_caption":"You can find us on","social_icons_facebook_show":true,"social_icons_facebook_link":"#","social_icons_twitter_show":true,"social_icons_twitte_link":"#","social_icons_youtube_show":true,"social_icons_youtube_link":"#","social_icons_tumblr_show":true,"social_icons_tumblr_link":"#","social_icons_google_show":true,"social_icons_google_link":"#","social_icons_pinterest_show":true,"social_icons_pinterest_link":"#","social_icons_instagram_show":false,"social_icons_instagram_link":"","social_icons_rss_show":false,"social_icons_rss_link":"","show_effect_zoom":true,"show_swatches_color":true,"show_swatches_sizer":true,"show_product_sku":true,"show_qty_in_stock":true,"show_social_sharing":true,"caption_social_sharing":"Share this to get more purchase!","share_facebook":true,"share_twitter":true,"share_pinterest":true,"share_google":true,"share_email":true,"sidebar_product_page":"none","show_detail_product_tab":true,"product_tab_description":true,"product_tab_shipping":"shipping-returns","product_tab_size_chart":"size-chart","product_tab_review":true,"product_tab_custom":"custom-page","product_tab_video":true,"show_related_product":true,"heading_related_product":"Related Product","number_related_product":"8","show_sbp_categorie":true,"heading_sbp_categorie":"Categories","number_sbp_categorie":"7","show_recently_viewed":true,"heading_recently_viewed":"Just Seen","show_sbp_custom_block":true,"heading_sbp_custom_block":"Custom Block","page_sbp_custom_block":"custom-block","sidebar_collection_page":"left","show_col_all_banner":true,"show_col_descrip":true,"show_col_gl":true,"show_col_sort_by":true,"number_product_per_page":"9","show_sb_categorie":true,"heading_sb_categorie":"Categories","number_sb_categorie":"7","show_sb_filters":true,"heading_sb_filters":"Filter","sb_filters":"groups","show_sb_fp":true,"heading_sb_fp":"Feature Product","sb_fp_collections":"","sb_fp_number":"3","show_sb_custom_block":true,"heading_sb_custom_block":"Reasons to purchase","page_sb_custom_block":"","blog_pagination_limit":"2","comment_pagination_limit":"10","blog_sb_placement":"right","show_recent_articles":true,"recent_articles_title":"Recent Posts","recent_articles_number":"8","show_tags_in_blog":true,"tags_in_blog_title":"Tags","show_sidebar_blog_image":true,"sidebar_blog_image_link":"#","show_sidebar_blog_custom":true,"sidebar_blog_custom_title":"Custom Blog","sidebar_blog_custom_caption":"<p>Custom CMS block displayed at the left sidebar on the Catalog Page. Put your own content here: text, html, images, media... whatever you like.<\/p>\r\n<p>There are many similar sample content placeholders across the store. All editable from admin panel.<\/p>","shipping_calculator":"Enabled","shipping_calculator_default_country":"United States","show_cart_related_product":true,"cart_related_product_title":"Related Product","cart_related_product":"accessories","cart_related_product_number":"8","contact_map":true,"contact_type":"ROADMAP","contact_zoom_lv":"17","contact_address":"42 avenue des Champs, Elysées 75000 Paris, Evenus Paris Elysees Street, France","contact_scroll":false,"select_contact_page":"contact-us","wishlist_page":true,"select_wishlist_page":"wish-list","checkout_use_header_image":true,"checkout_header_image":"shopify:\/\/shop_images\/checkout_header_image_2.jpg","checkout_logo":"checkout_logo.png","checkout_logo_image":"shopify:\/\/shop_images\/checkout_logo_2.png","checkout_logo_position":"left","checkout_logo_size":"medium","checkout_use_body_background_image":false,"checkout_body_background_color":"#fff","checkout_input_background_color_mode":"white","checkout_use_sidebar_background_image":false,"checkout_sidebar_background_color":"#fafafa","checkout_heading_font":"Lato","checkout_body_font":"Lato","checkout_accent_color":"#b6b6b6","checkout_button_color":"#fc6464","checkout_error_color":"#fc6464","use_page_preloading":false,"home_bp_heading_1":"","home_bp_heading_2":"","home_bp_heading_3":"","home_bp_caption":"<i class=\"fa fa-quote-left\"><\/i>And they, too, had big dreams for their daughter. I believe that we can give our middle class relief and provide working families with a road to opportunity. They've worked hard all their lives, many times only to see their jobs shipped overseas or their pension dumped after a lifetime of","home_bp_author":"Komol Kuchkarov<\/br><span>from Uzbekistan<\/span>","show_payment":true,"show_paypal":true,"show_visa":true,"show_mastercard":true,"show_amex":true,"show_discover":true,"show_google_stripe":false,"show_google_wallet":false,"header_style":"1","home_sp_text_bg":"#e18a07","home_sp_heading_text_2":"Sale","home_sp_subheading_text_2":"Final","home_sp_caption_text_2":"up to 50% off","home_sp_heading_text_3":"Sale","home_sp_subheading_text_3":"reduction","home_sp_caption_text_3":"up to 40% off","button_slide_1":"Buy Now","button_2_slide_1":"Shop Collection","button_slide_2":"Buy Now","button_2_slide_2":"Shop Collection","button_slide_3":"shop now","button_2_slide_3":"Shop Collection","button_slide_4":"shop now","button_2_slide_4":"","button_slide_5":"shop now","button_2_slide_5":"","use_animation_image":true,"lb_page":true,"lb_bg_color":"#e6e6e6","lb_text_bg_color":"#333333","lb_title":"New collection","lb_caption":"The wide ranging nature of items and practices to which the term creative can be sensibly applied","lb_button":"Shop Collection","lb_button_link":"\/collections","lb_page_1":true,"link_lb_page_1":"#","lb_page_2":true,"link_lb_page_2":"\/collections","lb_page_3":true,"link_lb_page_3":"#","lb_page_4":true,"link_lb_page_4":"","lb_page_5":true,"link_lb_page_5":"","lb_page_6":true,"link_lb_page_6":"","lb_page_7":false,"link_lb_page_7":"","lb_page_8":false,"link_lb_page_8":"","lb_page_9":false,"link_lb_page_9":"","lb_page_10":false,"link_lb_page_10":"","show_layer_first_image_2":true,"show_layer_second_image_2":true,"show_layer_first_image_3":true,"show_layer_second_image_3":true,"show_layer_first_image_4":true,"show_layer_second_image_4":true,"show_layer_first_image_5":true,"show_layer_second_image_5":true,"show_layer_first_image_1":true,"show_layer_second_image_1":true,"show_sf_layer_image_1":true,"button_2_slide_animation_1":"fadeIn","button_2_slide_animation_delay_1":"","button_2_slide_animation_2":"fadeIn","button_2_slide_animation_delay_2":"","button_2+slide_animation_3":"fadeIn","button_2_slide_animation_delay_3":"","button_2_slide_animation_4":"fadeIn","button_2_slide_animation_delay_4":"","button_2_slide_animation_5":"fadeIn","button_2_slide_animation_delay_5":"","heading_sub_slide_1":"Unique Collection","heading_sub_slide_color_1":"#ffffff","heading_sub_slide_size_1":"50px","heading_sub_slide_animation_1":"moveFromRight","heading_sub_slide_animation_delay_1":"1s","heading_sub_slide_2":"2015","heading_sub_slide_color_2":"#333333","heading_sub_slide_size_2":"50px","heading_sub_slide_animation_2":"fadeIn","heading_sub_slide_animation_delay_2":"2s","heading_sub_slide_3":"2015","heading_sub_slide_color_3":"#ffffff","heading_sub_slide_size_3":"72px","heading_sub_slide_animation_3":"fadeIn","heading_sub_slide_animation_delay_3":"5s","heading_sub_slide_4":"2015","heading_sub_slide_color_4":"#ffffff","heading_sub_slide_size_4":"72px","heading_sub_slide_animation_4":"fadeIn","heading_sub_slide_animation_delay_4":"5s","heading_sub_slide_5":"2015","heading_sub_slide_color_5":"#ffffff","heading_sub_slide_size_5":"50px","heading_sub_slide_animation_5":"moveFromLeft","heading_sub_slide_animation_delay_5":"3s","home_fp":"1","home_fp_col":"clothing","home_fp_heading":"Best Seller Products","home_fp_caption":"Our Customer love it","home_hot_deal":true,"home_hd_1":true,"home_hd_2":true,"home_hd_product_2":"overstock-product-sample","home_hd_heading_deal_2":"Hot Deal","home_hd_stock_deal_2":true,"home_hd_product_expire_2":"06-09-2016","home_bp_heading_color":"#ffffff","home_bp_caption_color":"#ffffff","home_sp_col":"","instagram_brands":"instagram","brands_show":"0","show_home_banner_top_1":true,"home_banner_top_width_1":"6","home_banner_top_link_1":"\/collections\/accessories","show_home_banner_top_2":true,"home_banner_top_width_2":"6","home_banner_top_link_2":"\/collections\/glasses","show_home_banner_top_other":true,"show_home_banner_top_other_1":true,"home_banner_top_other_width_1":"4","home_banner_top_other_link_1":"\/collections\/accessories","show_home_banner_top_other_2":true,"home_banner_top_other_width_2":"4","home_banner_top_other_link_2":"\/collections\/accessories","show_home_banner_top_other_3":true,"home_banner_top_other_width_3":"4","home_banner_top_other_link_3":"\/collections\/accessories","top_box_shipping":"Free shipping on all order over $75!","header_font_1_size":"15px","sticky_menu_search_color":"#ffffff","sticky_menu_cart_color":"#ffffff","search_icon_size":"25px","search_icon_color":"#333333","cart_icon_size":"25px","cart_icon_color":"#333333","heading_lb_page_9":"","caption_lb_page_9":"","heading_lb_page_10":"","caption_lb_page_10":"","heading_lb_page_1":"","caption_lb_page_1":"","heading_lb_page_2":"W12","caption_lb_page_2":"Color Run","heading_lb_page_3":"","caption_lb_page_3":"","heading_lb_page_4":"","caption_lb_page_4":"","heading_lb_page_5":"","caption_lb_page_5":"","heading_lb_page_6":"","caption_lb_page_6":"","heading_lb_page_7":"","caption_lb_page_7":"","heading_lb_page_8":"","caption_lb_page_8":"","footer_style":"1","payment_caption":"You can payment by","show_footer_logo":true,"footer_about_shop_heading":"About the Z shop","footer_our_store_block":"default","footer_our_store_heading":"Our Store","footer_our_store_block_snippet":"custom-block","brands_button_show":true,"brands_button_text":"+More...","brands_button_link":"\/collections","home_lookbook":true,"home_lb":true,"home_lb_text_1":"COLORFUL LIFE","home_lb_button_1":"View This Look","home_lb_link_1":"\/pages\/contact-us","home_lb_2":true,"home_lb_product_2":"overstock-product-sample","home_lb_heading_deal_2":"BEST DEAL","home_lb_stock_deal_2":true,"home_lb_product_expire_2":"06-09-2016","home_bp_heading_size":"58px","home_bp_caption_size":"13px","home_bp_button":"Shop Collection","home_bp_link":"\/collections","top_rate_block":"none","top_rate_heading":"Glasses","top_rate_col":"","top_rate_block_snippet":"custom-block","best_sale_block":"none","best_sale_heading":"Accessories","best_sale_col":"","best_sale_block_snippet":"custom-block","home_banner_top_other_link_4":"\/collections\/accessories","home_fc":true,"home_fc_1":"casual-wear","home_fc_title_1":"","home_fc_caption_1":"new selection","home_fc_2":"street-style","home_fc_title_2":"","home_fc_caption_2":"for teen","home_fc_3":"","home_fc_title_3":"","home_fc_caption_3":"for men","home_fc_4":"","home_fc_title_4":"","home_fc_caption_4":"","home_fc_5":"","home_fc_title_5":"","home_fc_caption_5":"","home_fc_6":"","home_fc_title_6":"","home_fc_caption_6":"","show_title_home_banner_top":true,"color_title_home_banner_top":"#333333","color_hover_title_home_banner_top":"#333333","home_banner_top_title_1":"Accessories & Clothing","home_banner_top_title_2":"Watches & Jewellery","home_banner_top_title_3":"Shoes & Boots","home_banner_top_link_3":"\/collections\/shoes","home_ship_policy":true,"hsp_1":true,"hspi_1":"<i class=\"fa fa-truck\"><\/i>","hspt_1":"Free shipping","hspc_1":"on order over $150.00","hsp_2":true,"hspi_2":"<i class=\"fa fa-refresh\"><\/i>","hspt_2":"Free return","hspc_2":"free 90 days return","hsp_3":true,"hspi_3":"<i class=\"fa fa-tag\"><\/i>","hspt_3":"Member discount","hspc_3":"free register","header_bg_other":"image","header_style_1_bg":"#de5c5c","show_top_support":true,"top_support_content":"Give us a call now: 888-666-7979","header_style_5_bg":"#cccccc","home_slideshow_type":"flex","home_slideshow_animation":"curtainSliceLeft","checkout_banner_background_color":"#ffffff","checkout_headline":"","checkout_call_to_action_color":"#8fc243","mega_menu_2_page_col_1":"","mega_menu_2_page_col_2":"","mega_menu_2_page_col_3":"","mega_menu_2_page_col_4":"","mega_menu_fp_2":"","header_style_opacity_1":"0","_sticky_menu_bg_opacity":"0","header_nav_bg":"#ffffff","show_top_rate":true,"show_best_sale":true,"customer_layout":"theme","contact_zoom":"17","show_header_customer":true,"show_customer_login_dropdown":true,"cart_show":true,"saleoff_sizer":"20px","product_price_size":"16px","product_compare_price_color":"#fa0000","product_compare_price_size":"16px","product_sold_out_price_size":"16px","home_lookbook_1":true,"home_lookbook_text_1":"The new york","home_lookbook_button_1":"Discover","home_lookbook_link_1":"\/collections","home_lookbook_2":true,"home_lookbook_text_2":"","home_lookbook_button_2":"","home_lookbook_link_2":"","home_lookbook_product_2":"bibendum-arcu-iaculis","home_lookbook_product_expire_2":"06-09-2015","show_maestro":true,"show_cirrus":true,"show_ebay":true,"show_delta":true,"show_cheque":true,"show_solo":true,"btn1_font_size":"16","btn2_font_size":"16","btn3_font_size":"16","btn4_font_size":"16","show_col_banner":false,"show_sidebar":true,"sidebar_placement":"left","sb_fp_collection":"clothing","show_collection_all_banner":true,"show_col_show_by":true,"body_general_title":"#333333","recent_articles":"","show_recent_post":"1"}}