[{"name":"General and Typography","settings":[{"type":"header","content":"General Configuration"},{"type":"checkbox","id":"use_quick_view","label":"Quick View","default":true},{"type":"header","content":"Site Width Mode"},{"type":"select","id":"general_placement","options":[{"value":"full","label":"Wide"},{"value":"boxes","label":"Boxes"}]},{"type":"header","content":"Boxes Mode Background"},{"type":"select","id":"boxes_mode_bg","options":[{"value":"image","label":"Image"},{"value":"color","label":"Color"}]},{"type":"image","id":"body_bg_image.jpg"},{"type":"color","id":"body_bg_color","label":"Background Color"},{"type":"header","content":"Typography"},{"type":"text","id":"size_h1","label":"Font Size H1 (in px)","default":"41px"},{"type":"text","id":"size_h2","label":"Font Size H2 (in px)","default":"31px"},{"type":"text","id":"size_h3","label":"Font Size H3 (in px)","default":"23px"},{"type":"text","id":"size_h4","label":"Font Size H4 (in px)","default":"17px"},{"type":"text","id":"size_h5","label":"Font Size H5 (in px)","default":"13px"},{"type":"text","id":"size_h6","label":"Font Size H6 (in px)","default":"9px"},{"type":"header","content":"Body Color"},{"type":"color","id":"body_bg","label":"Background Color"},{"type":"color","id":"body_general_color","label":"General Text Color"},{"type":"color","id":"body_title_color","label":"Title Text Color"},{"type":"color","id":"body_banner_text_color","label":"Banner Text Color"},{"type":"color","id":"body_link_color","label":"Link Color"},{"type":"color","id":"body_link_hover_color","label":"Link Hover Color"},{"type":"color","id":"body_icon_social_color","label":"Social Icon Color"},{"type":"color","id":"body_border_color","label":"Border Color"},{"type":"header","content":"Favicon"},{"type":"image","id":"favicon.png","max-width":16,"max-height":16},{"type":"header","content":"Loading Icon"},{"type":"image","id":"loading.gif","max-width":100,"max-height":100},{"type":"header","content":"Google Web Fonts"},{"type":"paragraph","content":"Title Font (site title, headings)"},{"type":"text","id":"header_font_1"},{"type":"paragraph","content":"Navigation Font"},{"type":"text","id":"nav_font"},{"type":"text","id":"nav_size","label":"Navigation Size (in px)"},{"type":"paragraph","content":"Body Font (used everywhere else)"},{"type":"text","id":"general_font_1"},{"type":"text","id":"body_font_size","label":"Body Font Size (in px)"},{"type":"header","content":"Label Sale"},{"type":"select","id":"use_saleoff","label":"Use:","options":[{"value":"saleoff_txt","label":"Text"},{"value":"saleoff_img","label":"Image"}],"default":"saleoff_txt"},{"type":"image","id":"saleoff.png","label":"Upload Image"},{"type":"text","id":"saleoff_txt","label":"Custom Text","default":"SALE"},{"type":"color","id":"saleoff_color","label":"Color","default":"#ffffff"},{"type":"color","id":"saleoff_bg_color","label":"Background","default":"#000000"},{"type":"header","content":"Product Color"},{"type":"color","id":"product_price_color","label":"Product Price Color","default":"#000000"},{"type":"color","id":"product_sale_price_color","label":"Product Price Sale Color","default":"#000000"},{"type":"color","id":"product_sold_out_price_color","label":"Sold Out, Unavailable Color","default":"#000000"},{"type":"header","content":"Button"},{"type":"paragraph","content":"Button #1"},{"type":"color","id":"btn1_bg","label":"Background","default":"#ffffff"},{"type":"color","id":"btn1_txt","label":"Text","default":"#ffffff"},{"type":"color","id":"btn1_border","label":"Border","default":"#ffffff"},{"type":"color","id":"btn1_bg_hover","label":"Background On Hover","default":"#ffffff"},{"type":"color","id":"btn1_txt_hover","label":"Text On Hover","default":"#ffffff"},{"type":"color","id":"btn1_border_hover","label":"Border On Hover","default":"#ffffff"},{"type":"paragraph","content":"Button #2"},{"type":"color","id":"btn2_bg","label":"Background","default":"#ffffff"},{"type":"color","id":"btn2_txt","label":"Text","default":"#ffffff"},{"type":"color","id":"btn2_border","label":"Border","default":"#ffffff"},{"type":"color","id":"btn2_bg_hover","label":"Background On Hover","default":"#ffffff"},{"type":"color","id":"btn2_txt_hover","label":"Text On Hover","default":"#ffffff"},{"type":"color","id":"btn2_border_hover","label":"Border On Hover","default":"#ffffff"},{"type":"paragraph","content":"Button #3"},{"type":"color","id":"btn3_bg","label":"Background","default":"#ffffff"},{"type":"color","id":"btn3_txt","label":"Text","default":"#ffffff"},{"type":"color","id":"btn3_border","label":"Border","default":"#ffffff"},{"type":"color","id":"btn3_bg_hover","label":"Background On Hover","default":"#ffffff"},{"type":"color","id":"btn3_txt_hover","label":"Text On Hover","default":"#ffffff"},{"type":"color","id":"btn3_border_hover","label":"Border On Hover","default":"#ffffff"},{"type":"paragraph","content":"Button #4"},{"type":"color","id":"btn4_bg","label":"Background","default":"#ffffff"},{"type":"color","id":"btn4_txt","label":"Text","default":"#ffffff"},{"type":"color","id":"btn4_border","label":"Border","default":"#ffffff"},{"type":"color","id":"btn4_bg_hover","label":"Background On Hover","default":"#ffffff"},{"type":"color","id":"btn4_txt_hover","label":"Text On Hover","default":"#ffffff"},{"type":"color","id":"btn4_border_hover","label":"Border On Hover","default":"#ffffff"},{"type":"header","content":"Button Back To Top"},{"type":"checkbox","id":"show_back_to_top","label":"Show Button Back To Top","default":true},{"type":"text","id":"title_back_to_top","label":"Title"}]},{"name":"Popup Newsletter","settings":[{"type":"checkbox","id":"show_mailchip_popup","label":"Show Popup Newsletter"},{"type":"checkbox","id":"mailchip_popup_bg","label":"Image In Popup Newsletter"},{"type":"image","id":"mailchip_popup_bg.jpg"},{"type":"text","id":"mailchip_popup_heading","label":"Heading"},{"type":"text","id":"mailchip_popup_action","label":"Mailing Form Action","info":"[Where do I get my MailChimp Form Action](http:\/\/support.shopify.com\/customer\/portal\/articles\/640278)"},{"type":"textarea","id":"mailchip_popup_content_1","label":"Content 1"},{"type":"textarea","id":"mailchip_popup_content_2","label":"Content 2"},{"type":"text","id":"mailchip_popup_placeholder","label":"Placeholder"},{"type":"text","id":"mailchip_popup_button","label":"Subcribe Button"},{"type":"select","id":"mailchip_popup_expires","label":"Expires (day)","options":[{"value":"1","label":"1"},{"value":"2","label":"2"},{"value":"3","label":"3"},{"value":"4","label":"4"},{"value":"5","label":"5"},{"value":"6","label":"6"},{"value":"7","label":"7"}]},{"type":"checkbox","id":"mailchip_popup_social_show","label":"Show social icons","default":true}]},{"name":"Multiple Currency","settings":[{"type":"checkbox","id":"show_multiple_currencies","label":"Show Multiple Currency ","default":true},{"type":"checkbox","id":"show_flag_currencies","label":"Show Currency Flags","default":true},{"type":"select","id":"currency_format","label":"Money Format","options":[{"value":"money_format","label":"Without Currency, ex: $10.00"},{"value":"money_with_currency_format","label":"With Currency, ex: $10 CAD"}]},{"type":"text","id":"supported_currencies","label":"Currencies You Wish To Support"},{"type":"text","id":"default_currency","label":"Default Currency"},{"type":"paragraph","content":"Separate your currency codes with a space. Use the ISO 4217 3-letter currency code. [Click here](http:\/\/www.xe.com\/iso4217.php) for a complete list of currency codes. Example: CAD USD."},{"type":"paragraph","content":"* For this functionality to work in your shop, you are required to edit your money formats as per [these instructions](https:\/\/docs.shopify.com\/support\/settings\/general\/tell-my-script-where-to-find-money-formats)."}]},{"name":"Header and Logo","settings":[{"type":"header","content":"Overview"},{"type":"select","id":"header_placement","label":"Header Width Mode","options":[{"value":"full","label":"Wide"},{"value":"boxes","label":"Boxes"}]},{"type":"color","id":"header_color","label":"Top Header Text Color","default":"#fff"},{"type":"color","id":"header_hover_color","label":"Top Header Text Hover Color","default":"#fff"},{"type":"color","id":"header_top_bg","label":"Top Header Background","default":"#fff","info":"(Background Header Mobile)"},{"type":"color","id":"header_bg","label":"Header Background","default":"#fff"},{"type":"color","id":"header_border","label":"Header Border Line Color","default":"#fff"},{"type":"header","content":"Site Logo"},{"type":"select","id":"site_logo","label":"Site Logo","options":[{"value":"logo.png","label":"Logo Image"},{"value":"nologo.png","label":"Logo Text"}],"default":"nologo.png"},{"type":"paragraph","content":"Logo Image Light"},{"type":"image","id":"logo-light.png"},{"type":"paragraph","content":"Logo Image Dark"},{"type":"image","id":"logo-dark.png"},{"type":"paragraph","content":"Logo Text"},{"type":"text","id":"logo_text"},{"type":"color","id":"logo_color","label":"Logo Text Color","default":"#202020"},{"type":"color","id":"logo_hover_color","label":"Logo Text Hover Color","default":"#202020"},{"type":"text","id":"logo_size","label":"Logo Text Size (in px)","default":"60px"},{"type":"header","content":"Site Logo On Mobile"},{"type":"image","id":"mobile_logo.png"},{"type":"header","content":"Box Hotline"},{"type":"text","id":"top_box_hotline","label":"Content"},{"type":"header","content":"Customer Links","info":"(Login, Wishlist)"},{"type":"checkbox","id":"show_header_customer_links","label":"Show Customer Links","default":true},{"type":"header","content":"Navigation"},{"type":"link_list","id":"nav_linklist","label":"Select Link List For Navigation"},{"type":"color","id":"nav_link_color","label":"Link Color"},{"type":"color","id":"nav_hover_color","label":"Link Hover Color"},{"type":"color","id":"dropdown_bg_color","label":"Background Color In Dropdown"},{"type":"color","id":"dropdown_item_color","label":"Link Item Color In Dropdown"},{"type":"color","id":"dropdown_item_color_hover","label":"Link Item Hover Color In Dropdown"},{"type":"header","content":"Search"},{"type":"checkbox","id":"show_search","label":"Show Search Icon","default":true},{"type":"text","id":"search_placeholder","label":"Default Text Display On Search Field"},{"type":"header","content":"Cart"},{"type":"checkbox","id":"show_cart","label":"Show Shopping Cart Icon","default":true},{"type":"select","id":"effect_after_add_cart","label":"Add To Cart Effect","options":[{"value":"notify","label":"Notify"},{"value":"other","label":"Display Cart Sidebar"}]}]},{"name":"Mega Menu","settings":[{"type":"checkbox","id":"use_super_megamenu","label":"Use Super Mega Menu","default":true},{"type":"header","content":"Menu #1"},{"type":"link_list","id":"mega_linklist_1","label":"* Link List To Use"},{"type":"select","id":"mega_menu_bg_1","label":"* Background","options":[{"value":"bg_image","label":"Background Image"},{"value":"bg_color","label":"Background Color"}],"default":"bg_color"},{"type":"image","id":"mega_menu_bg_img_1.jpg","label":"Background Image"},{"type":"color","id":"mega_menu_bg_color_1","label":"Background Color","default":"#fff"},{"type":"text","id":"mega_menu_min_height_1","label":"* Min Height (in px)","default":"300px"},{"type":"select","id":"mega_menu_1_col_1","label":"* Column 1","options":[{"value":"linlist","label":"Link List"},{"value":"product","label":"Product item"},{"value":"image","label":"Image"},{"value":"cb","label":"Custom block"},{"value":"none","label":"None"}]},{"type":"select","id":"mega_menu_1_width_col_1","label":"--- Width","options":[{"value":"1","label":"1\/12 (8.33%)"},{"value":"2","label":"2\/12 (16,67%)"},{"value":"3","label":"3\/12 (25.00%)"},{"value":"4","label":"4\/12 (33.33%)"},{"value":"5","label":"5\/12 (41.67%)"},{"value":"6","label":"6\/12 (50.00%)"},{"value":"7","label":"7\/12 (58.33%)"},{"value":"8","label":"8\/12 (66.67%)"},{"value":"9","label":"9\/12 (75.00%)"},{"value":"10","label":"10\/12 (83.33%)"},{"value":"11","label":"11\/12 (91.67%)"},{"value":"12","label":"12\/12 (100.00%)"}],"default":"3"},{"type":"link_list","id":"mega_menu_1_ll_col_1","label":"--- Link List"},{"type":"text","id":"mega_menu_1_product_col_1","label":"--- Product Handle"},{"type":"image","id":"mega_menu_1_image_col_1.jpg","label":"--- Image"},{"type":"text","id":"mega_menu_1_image_link_col_1","label":"Image Link"},{"type":"snippet","id":"mega_menu_1_cb_col_1","label":"--- Custom Block"},{"type":"select","id":"mega_menu_1_col_2","label":"* Column 2","options":[{"value":"linlist","label":"Link List"},{"value":"product","label":"Product item"},{"value":"image","label":"Image"},{"value":"cb","label":"Custom block"},{"value":"none","label":"None"}]},{"type":"select","id":"mega_menu_1_width_col_2","label":"--- Width","options":[{"value":"1","label":"1\/12 (8.33%)"},{"value":"2","label":"2\/12 (16,67%)"},{"value":"3","label":"3\/12 (25.00%)"},{"value":"4","label":"4\/12 (33.33%)"},{"value":"5","label":"5\/12 (41.67%)"},{"value":"6","label":"6\/12 (50.00%)"},{"value":"7","label":"7\/12 (58.33%)"},{"value":"8","label":"8\/12 (66.67%)"},{"value":"9","label":"9\/12 (75.00%)"},{"value":"10","label":"10\/12 (83.33%)"},{"value":"11","label":"11\/12 (91.67%)"},{"value":"12","label":"12\/12 (100.00%)"}],"default":"3"},{"type":"link_list","id":"mega_menu_1_ll_col_2","label":"--- Link List"},{"type":"text","id":"mega_menu_1_product_col_2","label":"--- Product Handle"},{"type":"image","id":"mega_menu_1_image_col_2.jpg","label":"--- Image"},{"type":"text","id":"mega_menu_1_image_link_col_2","label":"Image Link"},{"type":"snippet","id":"mega_menu_1_cb_col_2","label":"--- Custom Block"},{"type":"select","id":"mega_menu_1_col_3","label":"* Column 3","options":[{"value":"linlist","label":"Link List"},{"value":"product","label":"Product item"},{"value":"image","label":"Image"},{"value":"cb","label":"Custom block"},{"value":"none","label":"None"}]},{"type":"select","id":"mega_menu_1_width_col_3","label":"--- Width","options":[{"value":"1","label":"1\/12 (8.33%)"},{"value":"2","label":"2\/12 (16,67%)"},{"value":"3","label":"3\/12 (25.00%)"},{"value":"4","label":"4\/12 (33.33%)"},{"value":"5","label":"5\/12 (41.67%)"},{"value":"6","label":"6\/12 (50.00%)"},{"value":"7","label":"7\/12 (58.33%)"},{"value":"8","label":"8\/12 (66.67%)"},{"value":"9","label":"9\/12 (75.00%)"},{"value":"10","label":"10\/12 (83.33%)"},{"value":"11","label":"11\/12 (91.67%)"},{"value":"12","label":"12\/12 (100.00%)"}],"default":"3"},{"type":"link_list","id":"mega_menu_1_ll_col_3","label":"--- Link List"},{"type":"text","id":"mega_menu_1_product_col_3","label":"--- Product Handle"},{"type":"image","id":"mega_menu_1_image_col_3.jpg","label":"--- Image"},{"type":"text","id":"mega_menu_1_image_link_col_3","label":"Image Link"},{"type":"snippet","id":"mega_menu_1_cb_col_3","label":"--- Custom Block"},{"type":"select","id":"mega_menu_1_col_4","label":"* Column 4","options":[{"value":"linlist","label":"Link List"},{"value":"product","label":"Product item"},{"value":"image","label":"Image"},{"value":"cb","label":"Custom block"},{"value":"none","label":"None"}]},{"type":"select","id":"mega_menu_1_width_col_4","label":"--- Width","options":[{"value":"1","label":"1\/12 (8.33%)"},{"value":"2","label":"2\/12 (16,67%)"},{"value":"3","label":"3\/12 (25.00%)"},{"value":"4","label":"4\/12 (33.33%)"},{"value":"5","label":"5\/12 (41.67%)"},{"value":"6","label":"6\/12 (50.00%)"},{"value":"7","label":"7\/12 (58.33%)"},{"value":"8","label":"8\/12 (66.67%)"},{"value":"9","label":"9\/12 (75.00%)"},{"value":"10","label":"10\/12 (83.33%)"},{"value":"11","label":"11\/12 (91.67%)"},{"value":"12","label":"12\/12 (100.00%)"}],"default":"3"},{"type":"link_list","id":"mega_menu_1_ll_col_4","label":"--- Link List"},{"type":"text","id":"mega_menu_1_product_col_4","label":"--- Product Handle"},{"type":"image","id":"mega_menu_1_image_col_4.jpg","label":"--- Image"},{"type":"text","id":"mega_menu_1_image_link_col_4","label":"Image Link"},{"type":"snippet","id":"mega_menu_1_cb_col_4","label":"--- Custom Block"},{"type":"header","content":"Menu #2"},{"type":"link_list","id":"mega_linklist_2","label":"* Link List To Use"},{"type":"select","id":"mega_menu_bg_2","label":"* Background","options":[{"value":"bg_image","label":"Background Image"},{"value":"bg_color","label":"Background Color"}],"default":"bg_color"},{"type":"image","id":"mega_menu_bg_img_2.jpg","label":"Background Image"},{"type":"color","id":"mega_menu_bg_color_2","label":"Background Color","default":"#fff"},{"type":"text","id":"mega_menu_min_height_2","label":"* Min Height (in px)","default":"300px"},{"type":"select","id":"mega_menu_2_col_1","label":"* Column 1","options":[{"value":"linlist","label":"Link List"},{"value":"product","label":"Product item"},{"value":"image","label":"Image"},{"value":"cb","label":"Custom block"},{"value":"none","label":"None"}]},{"type":"select","id":"mega_menu_2_width_col_1","label":"--- Width","options":[{"value":"1","label":"1\/12 (8.33%)"},{"value":"2","label":"2\/12 (16,67%)"},{"value":"3","label":"3\/12 (25.00%)"},{"value":"4","label":"4\/12 (33.33%)"},{"value":"5","label":"5\/12 (41.67%)"},{"value":"6","label":"6\/12 (50.00%)"},{"value":"7","label":"7\/12 (58.33%)"},{"value":"8","label":"8\/12 (66.67%)"},{"value":"9","label":"9\/12 (75.00%)"},{"value":"10","label":"10\/12 (83.33%)"},{"value":"11","label":"11\/12 (91.67%)"},{"value":"12","label":"12\/12 (100.00%)"}],"default":"3"},{"type":"link_list","id":"mega_menu_2_ll_col_1","label":"--- Link List"},{"type":"text","id":"mega_menu_2_product_col_1","label":"--- Product Handle"},{"type":"image","id":"mega_menu_2_image_col_1.jpg","label":"--- Image"},{"type":"text","id":"mega_menu_2_image_link_col_1","label":"Image Link"},{"type":"snippet","id":"mega_menu_2_cb_col_1","label":"--- Custom Block"},{"type":"select","id":"mega_menu_2_col_2","label":"* Column 2","options":[{"value":"linlist","label":"Link List"},{"value":"product","label":"Product item"},{"value":"image","label":"Image"},{"value":"cb","label":"Custom block"},{"value":"none","label":"None"}]},{"type":"select","id":"mega_menu_2_width_col_2","label":"--- Width","options":[{"value":"1","label":"1\/12 (8.33%)"},{"value":"2","label":"2\/12 (16,67%)"},{"value":"3","label":"3\/12 (25.00%)"},{"value":"4","label":"4\/12 (33.33%)"},{"value":"5","label":"5\/12 (41.67%)"},{"value":"6","label":"6\/12 (50.00%)"},{"value":"7","label":"7\/12 (58.33%)"},{"value":"8","label":"8\/12 (66.67%)"},{"value":"9","label":"9\/12 (75.00%)"},{"value":"10","label":"10\/12 (83.33%)"},{"value":"11","label":"11\/12 (91.67%)"},{"value":"12","label":"12\/12 (100.00%)"}],"default":"3"},{"type":"link_list","id":"mega_menu_2_ll_col_2","label":"--- Link List"},{"type":"text","id":"mega_menu_2_product_col_2","label":"--- Product Handle"},{"type":"image","id":"mega_menu_2_image_col_2.jpg","label":"--- Image"},{"type":"text","id":"mega_menu_2_image_link_col_2","label":"Image Link"},{"type":"snippet","id":"mega_menu_2_cb_col_2","label":"--- Custom Block"},{"type":"select","id":"mega_menu_2_col_3","label":"* Column 3","options":[{"value":"linlist","label":"Link List"},{"value":"product","label":"Product item"},{"value":"image","label":"Image"},{"value":"cb","label":"Custom block"},{"value":"none","label":"None"}]},{"type":"select","id":"mega_menu_2_width_col_3","label":"--- Width","options":[{"value":"1","label":"1\/12 (8.33%)"},{"value":"2","label":"2\/12 (16,67%)"},{"value":"3","label":"3\/12 (25.00%)"},{"value":"4","label":"4\/12 (33.33%)"},{"value":"5","label":"5\/12 (41.67%)"},{"value":"6","label":"6\/12 (50.00%)"},{"value":"7","label":"7\/12 (58.33%)"},{"value":"8","label":"8\/12 (66.67%)"},{"value":"9","label":"9\/12 (75.00%)"},{"value":"10","label":"10\/12 (83.33%)"},{"value":"11","label":"11\/12 (91.67%)"},{"value":"12","label":"12\/12 (100.00%)"}],"default":"3"},{"type":"link_list","id":"mega_menu_2_ll_col_3","label":"--- Link List"},{"type":"text","id":"mega_menu_2_product_col_3","label":"--- Product Handle"},{"type":"image","id":"mega_menu_2_image_col_3.jpg","label":"--- Image"},{"type":"text","id":"mega_menu_2_image_link_col_3","label":"Image Link"},{"type":"snippet","id":"mega_menu_2_cb_col_3","label":"--- Custom Block"},{"type":"select","id":"mega_menu_2_col_4","label":"* Column 4","options":[{"value":"linlist","label":"Link List"},{"value":"product","label":"Product item"},{"value":"image","label":"Image"},{"value":"cb","label":"Custom block"},{"value":"none","label":"None"}]},{"type":"select","id":"mega_menu_2_width_col_4","label":"--- Width","options":[{"value":"1","label":"1\/12 (8.33%)"},{"value":"2","label":"2\/12 (16,67%)"},{"value":"3","label":"3\/12 (25.00%)"},{"value":"4","label":"4\/12 (33.33%)"},{"value":"5","label":"5\/12 (41.67%)"},{"value":"6","label":"6\/12 (50.00%)"},{"value":"7","label":"7\/12 (58.33%)"},{"value":"8","label":"8\/12 (66.67%)"},{"value":"9","label":"9\/12 (75.00%)"},{"value":"10","label":"10\/12 (83.33%)"},{"value":"11","label":"11\/12 (91.67%)"},{"value":"12","label":"12\/12 (100.00%)"}],"default":"3"},{"type":"link_list","id":"mega_menu_2_ll_col_4","label":"--- Link List"},{"type":"text","id":"mega_menu_2_product_col_4","label":"--- Product Handle"},{"type":"image","id":"mega_menu_2_image_col_4.jpg","label":"--- Image"},{"type":"text","id":"mega_menu_2_image_link_col_4","label":"Image Link"},{"type":"snippet","id":"mega_menu_2_cb_col_4","label":"--- Custom Block"}]},{"name":"Float Navigation","settings":[{"type":"checkbox","id":"show_sticky_menu","label":"Show Float Navigation"},{"type":"text","id":"distance_top_sticky_menu","label":"Distance From Top To Display Float Bar (insert only number)","default":"600"},{"type":"color","id":"sticky_menu_bg","label":"Background Color","default":"#fff"},{"type":"checkbox","id":"sticky_menu_bg_opacity","label":"Background Opacity"},{"type":"color","id":"sticky_menu_text_color","label":"Text Color","default":"#fff"}]},{"name":"Homepage Slideshow","settings":[{"type":"header","content":"Overview"},{"type":"paragraph","content":"For best results, upload images that are at least 1920px wide. Try to keep your slideshow images the same size."},{"type":"select","id":"home_slideshow_placement","label":"Slideshow Width Mode","options":[{"value":"full","label":"Wide"},{"value":"boxes","label":"Boxes"}]},{"type":"checkbox","id":"home_slideshow_auto","label":"Auto Slideshow","default":true},{"type":"checkbox","id":"home_slideshow_navigator","label":"Navigator","default":true},{"type":"checkbox","id":"home_slideshow_paging","label":"Control Paging","default":true},{"type":"select","id":"home_slideshow_flex_animation","label":"Animation Type","options":[{"value":"fade","label":"Fade"},{"value":"slide","label":"Slide"}]},{"type":"header","content":"Slides List"},{"type":"checkbox","id":"show_slide_1","label":"Slide #1","default":true,"info":"Yes"},{"type":"image","id":"image_slide_1.jpg","label":"Image"},{"type":"text","id":"link_slide_1","label":"Link"},{"type":"select","id":"color_style_slide_1","label":"Color Style","options":[{"value":"dark","label":"Dark"},{"value":"light","label":"Light"}]},{"type":"select","id":"align_slide_1","label":"Text Align","options":[{"value":"text-center","label":"Center"},{"value":"text-left","label":"Left"},{"value":"text-right","label":"Right"}]},{"type":"text","id":"position_slide_1","label":"Layer Position Top","info":"used pixel or percent (eg: 10% or 100px)"},{"type":"text","id":"position_left_slide_1","label":"Layer Position Left (Right)","info":"used percent (eg: 10%)"},{"type":"select","id":"content_layer_first_1","label":"Layer 1","options":[{"value":"image","label":"Use Image"},{"value":"text","label":"Use Text"},{"value":"none","label":"None"}]},{"type":"image","id":"layer_first_image_1.png","label":"Layer 1 Image"},{"type":"text","id":"heading_slide_1","label":"Layer 1 Text"},{"type":"color","id":"heading_slide_color_1","label":"Layer 1 Text Color"},{"type":"text","id":"heading_slide_size_1","label":"Layer 1 Text Size (in px)"},{"type":"select","id":"heading_slide_animation_1","label":"Layer 1 Animation","options":[{"value":"fadeIn","label":"Fade In"},{"value":"moveFromLeft","label":"Move From Left"},{"value":"moveFromRight","label":"Move From Right"},{"value":"moveFromTop","label":"Move From Top"},{"value":"moveFromBottom","label":"Move From Bottom"}]},{"type":"text","id":"heading_slide_animation_delay_1","label":"Layer 1 Animation Delay"},{"type":"select","id":"content_layer_second_1","label":"Layer 2","options":[{"value":"image","label":"Use Image"},{"value":"text","label":"Use Text"},{"value":"none","label":"None"}]},{"type":"image","id":"layer_second_image_1.png","label":"Layer 2 Image"},{"type":"textarea","id":"caption_slide_1","label":"Layer 2 Text"},{"type":"color","id":"caption_slide_color_1","label":"Layer 2 Text Color"},{"type":"text","id":"caption_slide_size_1","label":"Layer 2 Text Size (in px)"},{"type":"select","id":"caption_slide_animation_1","label":"Layer 2 Animation","options":[{"value":"fadeIn","label":"Fade In"},{"value":"moveFromLeft","label":"Move From Left"},{"value":"moveFromRight","label":"Move From Right"},{"value":"moveFromTop","label":"Move From Top"},{"value":"moveFromBottom","label":"Move From Bottom"}]},{"type":"text","id":"caption_slide_animation_delay_1","label":"Layer 2 Animation Delay"},{"type":"text","id":"button_first_slide_1","label":"Button Text 1"},{"type":"text","id":"button_first_slide_link_1","label":"Button Link 1"},{"type":"text","id":"button_second_slide_1","label":"Button Text 2"},{"type":"text","id":"button_second_slide_link_1","label":"Button Link 2"},{"type":"select","id":"button_slide_animation_1","label":"Button Animation","options":[{"value":"fadeIn","label":"Fade In"},{"value":"moveFromLeft","label":"Move From Left"},{"value":"moveFromRight","label":"Move From Right"},{"value":"moveFromTop","label":"Move From Top"},{"value":"moveFromBottom","label":"Move From Bottom"}]},{"type":"text","id":"button_slide_animation_delay_1","label":"Button Animation Delay"},{"type":"checkbox","id":"show_slide_2","label":"Slide #2","default":true,"info":"Yes"},{"type":"image","id":"image_slide_2.jpg","label":"Image"},{"type":"text","id":"link_slide_2","label":"Link"},{"type":"select","id":"color_style_slide_2","label":"Color Style","options":[{"value":"dark","label":"Dark"},{"value":"light","label":"Light"}]},{"type":"select","id":"align_slide_2","label":"Text Align","options":[{"value":"text-center","label":"Center"},{"value":"text-left","label":"Left"},{"value":"text-right","label":"Right"}]},{"type":"text","id":"position_slide_2","label":"Layer Position Top","info":"used pixel or percent (eg: 10% or 100px)"},{"type":"text","id":"position_left_slide_2","label":"Layer Position Left (Right)","info":"used percent (eg: 10%)"},{"type":"select","id":"content_layer_first_2","label":"Layer 1","options":[{"value":"image","label":"Use Image"},{"value":"text","label":"Use Text"},{"value":"none","label":"None"}]},{"type":"image","id":"layer_first_image_2.png","label":"Layer 1 Image"},{"type":"text","id":"heading_slide_2","label":"Layer 1 Text"},{"type":"color","id":"heading_slide_color_2","label":"Layer 1 Text Color"},{"type":"text","id":"heading_slide_size_2","label":"Layer 1 Text Size (in px)"},{"type":"select","id":"heading_slide_animation_2","label":"Layer 1 Animation","options":[{"value":"fadeIn","label":"Fade In"},{"value":"moveFromLeft","label":"Move From Left"},{"value":"moveFromRight","label":"Move From Right"},{"value":"moveFromTop","label":"Move From Top"},{"value":"moveFromBottom","label":"Move From Bottom"}]},{"type":"text","id":"heading_slide_animation_delay_2","label":"Layer 1 Animation Delay"},{"type":"select","id":"content_layer_second_2","label":"Layer 2","options":[{"value":"image","label":"Use Image"},{"value":"text","label":"Use Text"},{"value":"none","label":"None"}]},{"type":"image","id":"layer_second_image_2.png","label":"Layer 2 Image"},{"type":"textarea","id":"caption_slide_2","label":"Layer 2 Text"},{"type":"color","id":"caption_slide_color_2","label":"Layer 2 Text Color"},{"type":"text","id":"caption_slide_size_2","label":"Layer 2 Text Size (in px)"},{"type":"select","id":"caption_slide_animation_2","label":"Layer 2 Animation","options":[{"value":"fadeIn","label":"Fade In"},{"value":"moveFromLeft","label":"Move From Left"},{"value":"moveFromRight","label":"Move From Right"},{"value":"moveFromTop","label":"Move From Top"},{"value":"moveFromBottom","label":"Move From Bottom"}]},{"type":"text","id":"caption_slide_animation_delay_2","label":"Layer 2 Animation Delay"},{"type":"text","id":"button_first_slide_2","label":"Button Text 1"},{"type":"text","id":"button_first_slide_link_2","label":"Button Link 1"},{"type":"text","id":"button_second_slide_2","label":"Button Text 2"},{"type":"text","id":"button_second_slide_link_2","label":"Button Link 2"},{"type":"select","id":"button_slide_animation_2","label":"Button Animation","options":[{"value":"fadeIn","label":"Fade In"},{"value":"moveFromLeft","label":"Move From Left"},{"value":"moveFromRight","label":"Move From Right"},{"value":"moveFromTop","label":"Move From Top"},{"value":"moveFromBottom","label":"Move From Bottom"}]},{"type":"text","id":"button_slide_animation_delay_2","label":"Button Animation Delay"},{"type":"checkbox","id":"show_slide_3","label":"Slide #3","default":true,"info":"Yes"},{"type":"image","id":"image_slide_3.jpg","label":"Image"},{"type":"text","id":"link_slide_3","label":"Link"},{"type":"select","id":"color_style_slide_3","label":"Color Style","options":[{"value":"dark","label":"Dark"},{"value":"light","label":"Light"}]},{"type":"select","id":"align_slide_3","label":"Text Align","options":[{"value":"text-center","label":"Center"},{"value":"text-left","label":"Left"},{"value":"text-right","label":"Right"}]},{"type":"text","id":"position_slide_3","label":"Layer Position Top","info":"used pixel or percent (eg: 10% or 100px)"},{"type":"text","id":"position_left_slide_3","label":"Layer Position Left (Right)","info":"used percent (eg: 10%)"},{"type":"select","id":"content_layer_first_3","label":"Layer 1","options":[{"value":"image","label":"Use Image"},{"value":"text","label":"Use Text"},{"value":"none","label":"None"}]},{"type":"image","id":"layer_first_image_3.png","label":"Layer 1 Image"},{"type":"text","id":"heading_slide_3","label":"Layer 1 Text"},{"type":"color","id":"heading_slide_color_3","label":"Layer 1 Text Color"},{"type":"text","id":"heading_slide_size_3","label":"Layer 1 Text Size (in px)"},{"type":"select","id":"heading_slide_animation_3","label":"Layer 1 Animation","options":[{"value":"fadeIn","label":"Fade In"},{"value":"moveFromLeft","label":"Move From Left"},{"value":"moveFromRight","label":"Move From Right"},{"value":"moveFromTop","label":"Move From Top"},{"value":"moveFromBottom","label":"Move From Bottom"}]},{"type":"text","id":"heading_slide_animation_delay_3","label":"Layer 1 Animation Delay"},{"type":"select","id":"content_layer_second_3","label":"Layer 2","options":[{"value":"image","label":"Use Image"},{"value":"text","label":"Use Text"},{"value":"none","label":"None"}]},{"type":"image","id":"layer_second_image_3.png","label":"Layer 2 Image"},{"type":"textarea","id":"caption_slide_3","label":"Layer 2 Text"},{"type":"color","id":"caption_slide_color_3","label":"Layer 2 Text Color"},{"type":"text","id":"caption_slide_size_3","label":"Layer 2 Text Size (in px)"},{"type":"select","id":"caption_slide_animation_3","label":"Layer 2 Animation","options":[{"value":"fadeIn","label":"Fade In"},{"value":"moveFromLeft","label":"Move From Left"},{"value":"moveFromRight","label":"Move From Right"},{"value":"moveFromTop","label":"Move From Top"},{"value":"moveFromBottom","label":"Move From Bottom"}]},{"type":"text","id":"caption_slide_animation_delay_3","label":"Layer 2 Animation Delay"},{"type":"text","id":"button_first_slide_3","label":"Button Text 1"},{"type":"text","id":"button_first_slide_link_3","label":"Button Link 1"},{"type":"text","id":"button_second_slide_3","label":"Button Text 2"},{"type":"text","id":"button_second_slide_link_3","label":"Button Link 2"},{"type":"select","id":"button_slide_animation_3","label":"Button Animation","options":[{"value":"fadeIn","label":"Fade In"},{"value":"moveFromLeft","label":"Move From Left"},{"value":"moveFromRight","label":"Move From Right"},{"value":"moveFromTop","label":"Move From Top"},{"value":"moveFromBottom","label":"Move From Bottom"}]},{"type":"text","id":"button_slide_animation_delay_3","label":"Button Animation Delay"},{"type":"checkbox","id":"show_slide_4","label":"Slide #4","default":true,"info":"Yes"},{"type":"image","id":"image_slide_4.jpg","label":"Image"},{"type":"text","id":"link_slide_4","label":"Link"},{"type":"select","id":"color_style_slide_4","label":"Color Style","options":[{"value":"dark","label":"Dark"},{"value":"light","label":"Light"}]},{"type":"select","id":"align_slide_4","label":"Text Align","options":[{"value":"text-center","label":"Center"},{"value":"text-left","label":"Left"},{"value":"text-right","label":"Right"}]},{"type":"text","id":"position_slide_4","label":"Layer Position Top","info":"used pixel or percent (eg: 10% or 100px)"},{"type":"text","id":"position_left_slide_4","label":"Layer Position Left (Right)","info":"used percent (eg: 10%)"},{"type":"select","id":"content_layer_first_4","label":"Layer 1","options":[{"value":"image","label":"Use Image"},{"value":"text","label":"Use Text"},{"value":"none","label":"None"}]},{"type":"image","id":"layer_first_image_4.png","label":"Layer 1 Image"},{"type":"text","id":"heading_slide_4","label":"Layer 1 Text"},{"type":"color","id":"heading_slide_color_4","label":"Layer 1 Text Color"},{"type":"text","id":"heading_slide_size_4","label":"Layer 1 Text Size (in px)"},{"type":"select","id":"heading_slide_animation_4","label":"Layer 1 Animation","options":[{"value":"fadeIn","label":"Fade In"},{"value":"moveFromLeft","label":"Move From Left"},{"value":"moveFromRight","label":"Move From Right"},{"value":"moveFromTop","label":"Move From Top"},{"value":"moveFromBottom","label":"Move From Bottom"}]},{"type":"text","id":"heading_slide_animation_delay_4","label":"Layer 1 Animation Delay"},{"type":"select","id":"content_layer_second_4","label":"Layer 2","options":[{"value":"image","label":"Use Image"},{"value":"text","label":"Use Text"},{"value":"none","label":"None"}]},{"type":"image","id":"layer_second_image_4.png","label":"Layer 2 Image"},{"type":"textarea","id":"caption_slide_4","label":"Layer 2 Text"},{"type":"color","id":"caption_slide_color_4","label":"Layer 2 Text Color"},{"type":"text","id":"caption_slide_size_4","label":"Layer 2 Text Size (in px)"},{"type":"select","id":"caption_slide_animation_4","label":"Layer 2 Animation","options":[{"value":"fadeIn","label":"Fade In"},{"value":"moveFromLeft","label":"Move From Left"},{"value":"moveFromRight","label":"Move From Right"},{"value":"moveFromTop","label":"Move From Top"},{"value":"moveFromBottom","label":"Move From Bottom"}]},{"type":"text","id":"caption_slide_animation_delay_4","label":"Layer 2 Animation Delay"},{"type":"text","id":"button_first_slide_4","label":"Button Text 1"},{"type":"text","id":"button_first_slide_link_4","label":"Button Link 1"},{"type":"text","id":"button_second_slide_4","label":"Button Text 2"},{"type":"text","id":"button_second_slide_link_4","label":"Button Link 2"},{"type":"select","id":"button_slide_animation_4","label":"Button Animation","options":[{"value":"fadeIn","label":"Fade In"},{"value":"moveFromLeft","label":"Move From Left"},{"value":"moveFromRight","label":"Move From Right"},{"value":"moveFromTop","label":"Move From Top"},{"value":"moveFromBottom","label":"Move From Bottom"}]},{"type":"text","id":"button_slide_animation_delay_4","label":"Button Animation Delay"},{"type":"checkbox","id":"show_slide_5","label":"Slide #5","default":true,"info":"Yes"},{"type":"image","id":"image_slide_5.jpg","label":"Image"},{"type":"text","id":"link_slide_5","label":"Link"},{"type":"select","id":"color_style_slide_5","label":"Color Style","options":[{"value":"dark","label":"Dark"},{"value":"light","label":"Light"}]},{"type":"select","id":"align_slide_5","label":"Text Align","options":[{"value":"text-center","label":"Center"},{"value":"text-left","label":"Left"},{"value":"text-right","label":"Right"}]},{"type":"text","id":"position_slide_5","label":"Layer Position Top","info":"used pixel or percent (eg: 10% or 100px)"},{"type":"text","id":"position_left_slide_5","label":"Layer Position Left (Right)","info":"used percent (eg: 10%)"},{"type":"select","id":"content_layer_first_5","label":"Layer 1","options":[{"value":"image","label":"Use Image"},{"value":"text","label":"Use Text"},{"value":"none","label":"None"}]},{"type":"image","id":"layer_first_image_5.png","label":"Layer 1 Image"},{"type":"text","id":"heading_slide_5","label":"Layer 1 Text"},{"type":"color","id":"heading_slide_color_5","label":"Layer 1 Text Color"},{"type":"text","id":"heading_slide_size_5","label":"Layer 1 Text Size (in px)"},{"type":"select","id":"heading_slide_animation_5","label":"Layer 1 Animation","options":[{"value":"fadeIn","label":"Fade In"},{"value":"moveFromLeft","label":"Move From Left"},{"value":"moveFromRight","label":"Move From Right"},{"value":"moveFromTop","label":"Move From Top"},{"value":"moveFromBottom","label":"Move From Bottom"}]},{"type":"text","id":"heading_slide_animation_delay_5","label":"Layer 1 Animation Delay"},{"type":"select","id":"content_layer_second_5","label":"Layer 2","options":[{"value":"image","label":"Use Image"},{"value":"text","label":"Use Text"},{"value":"none","label":"None"}]},{"type":"image","id":"layer_second_image_5.png","label":"Layer 2 Image"},{"type":"textarea","id":"caption_slide_5","label":"Layer 2 Text"},{"type":"color","id":"caption_slide_color_5","label":"Layer 2 Text Color"},{"type":"text","id":"caption_slide_size_5","label":"Layer 2 Text Size (in px)"},{"type":"select","id":"caption_slide_animation_5","label":"Layer 2 Animation","options":[{"value":"fadeIn","label":"Fade In"},{"value":"moveFromLeft","label":"Move From Left"},{"value":"moveFromRight","label":"Move From Right"},{"value":"moveFromTop","label":"Move From Top"},{"value":"moveFromBottom","label":"Move From Bottom"}]},{"type":"text","id":"caption_slide_animation_delay_5","label":"Layer 2 Animation Delay"},{"type":"text","id":"button_first_slide_5","label":"Button Text 1"},{"type":"text","id":"button_first_slide_link_5","label":"Button Link 1"},{"type":"text","id":"button_second_slide_5","label":"Button Text 2"},{"type":"text","id":"button_second_slide_link_5","label":"Button Link 2"},{"type":"select","id":"button_slide_animation_5","label":"Button Animation","options":[{"value":"fadeIn","label":"Fade In"},{"value":"moveFromLeft","label":"Move From Left"},{"value":"moveFromRight","label":"Move From Right"},{"value":"moveFromTop","label":"Move From Top"},{"value":"moveFromBottom","label":"Move From Bottom"}]},{"type":"text","id":"button_slide_animation_delay_5","label":"Button Animation Delay"}]},{"name":"Homepage Body","settings":[{"type":"header","content":"Block Banners On Top"},{"type":"checkbox","id":"show_home_banner_top","label":"Show Banners On Top","default":true},{"type":"paragraph","content":"Banner Left"},{"type":"checkbox","id":"show_hbt_left","label":"Show Banner Left","default":true},{"type":"select","id":"hbt_width_left","label":"Width","options":[{"value":"1","label":"1\/12 (8.33%)"},{"value":"2","label":"2\/12 (16,67%)"},{"value":"3","label":"3\/12 (25.00%)"},{"value":"4","label":"4\/12 (33.33%)"},{"value":"5","label":"5\/12 (41.67%)"},{"value":"6","label":"6\/12 (50.00%)"},{"value":"7","label":"7\/12 (58.33%)"},{"value":"8","label":"8\/12 (66.67%)"},{"value":"9","label":"9\/12 (75.00%)"},{"value":"10","label":"10\/12 (83.33%)"},{"value":"11","label":"11\/12 (91.67%)"},{"value":"12","label":"12\/12 (100.00%)"}],"default":"6"},{"type":"image","id":"hbt_img_left.jpg","label":"Image"},{"type":"text","id":"hbt_link_left","label":"Link"},{"type":"paragraph","content":"Banner Right"},{"type":"checkbox","id":"show_hbt_right","label":"Show Banner Right","default":true},{"type":"select","id":"hbt_width_right","label":"Width","options":[{"value":"1","label":"1\/12 (8.33%)"},{"value":"2","label":"2\/12 (16,67%)"},{"value":"3","label":"3\/12 (25.00%)"},{"value":"4","label":"4\/12 (33.33%)"},{"value":"5","label":"5\/12 (41.67%)"},{"value":"6","label":"6\/12 (50.00%)"},{"value":"7","label":"7\/12 (58.33%)"},{"value":"8","label":"8\/12 (66.67%)"},{"value":"9","label":"9\/12 (75.00%)"},{"value":"10","label":"10\/12 (83.33%)"},{"value":"11","label":"11\/12 (91.67%)"},{"value":"12","label":"12\/12 (100.00%)"}],"default":"6"},{"type":"paragraph","content":"Banner Right 1"},{"type":"checkbox","id":"show_hbt_right_1","label":"Show Banner Right 1","default":true},{"type":"select","id":"hbt_width_right_1","label":"Width","options":[{"value":"1","label":"1\/12 (8.33%)"},{"value":"2","label":"2\/12 (16,67%)"},{"value":"3","label":"3\/12 (25.00%)"},{"value":"4","label":"4\/12 (33.33%)"},{"value":"5","label":"5\/12 (41.67%)"},{"value":"6","label":"6\/12 (50.00%)"},{"value":"7","label":"7\/12 (58.33%)"},{"value":"8","label":"8\/12 (66.67%)"},{"value":"9","label":"9\/12 (75.00%)"},{"value":"10","label":"10\/12 (83.33%)"},{"value":"11","label":"11\/12 (91.67%)"},{"value":"12","label":"12\/12 (100.00%)"}],"default":"12"},{"type":"image","id":"hbt_img_right_1.jpg","label":"Image"},{"type":"text","id":"hbt_link_right_1","label":"Link"},{"type":"checkbox","id":"show_hbt_right_2","label":"Show Banner Right 2","default":true},{"type":"select","id":"hbt_width_right_2","label":"Width","options":[{"value":"1","label":"1\/12 (8.33%)"},{"value":"2","label":"2\/12 (16,67%)"},{"value":"3","label":"3\/12 (25.00%)"},{"value":"4","label":"4\/12 (33.33%)"},{"value":"5","label":"5\/12 (41.67%)"},{"value":"6","label":"6\/12 (50.00%)"},{"value":"7","label":"7\/12 (58.33%)"},{"value":"8","label":"8\/12 (66.67%)"},{"value":"9","label":"9\/12 (75.00%)"},{"value":"10","label":"10\/12 (83.33%)"},{"value":"11","label":"11\/12 (91.67%)"},{"value":"12","label":"12\/12 (100.00%)"}],"default":"6"},{"type":"image","id":"hbt_img_right_2.jpg","label":"Image"},{"type":"text","id":"hbt_link_right_2","label":"Link"},{"type":"checkbox","id":"show_hbt_right_3","label":"Show Banner Right 3","default":true},{"type":"select","id":"hbt_width_right_3","label":"Width","options":[{"value":"1","label":"1\/12 (8.33%)"},{"value":"2","label":"2\/12 (16,67%)"},{"value":"3","label":"3\/12 (25.00%)"},{"value":"4","label":"4\/12 (33.33%)"},{"value":"5","label":"5\/12 (41.67%)"},{"value":"6","label":"6\/12 (50.00%)"},{"value":"7","label":"7\/12 (58.33%)"},{"value":"8","label":"8\/12 (66.67%)"},{"value":"9","label":"9\/12 (75.00%)"},{"value":"10","label":"10\/12 (83.33%)"},{"value":"11","label":"11\/12 (91.67%)"},{"value":"12","label":"12\/12 (100.00%)"}],"default":"6"},{"type":"image","id":"hbt_img_right_3.jpg","label":"Image"},{"type":"text","id":"hbt_link_right_3","label":"Link"},{"type":"header","content":"Home Tabs"},{"type":"checkbox","id":"home_tabs_show","label":"Show Home Tabs","default":true},{"type":"text","id":"home_tabs_heading","label":"Heading"},{"type":"text","id":"home_tabs_caption","label":"Caption"},{"type":"text","id":"number_item_home_tabs","label":"Number Items To Display"},{"type":"collection","id":"col_tab_1","label":"Collection To Use:"},{"type":"collection","id":"col_tab_2","label":"Collection To Use:"},{"type":"collection","id":"col_tab_3","label":"Collection To Use:"},{"type":"collection","id":"col_tab_4","label":"Collection To Use:"},{"type":"collection","id":"col_tab_5","label":"Collection To Use:"},{"type":"collection","id":"col_tab_6","label":"Collection To Use:"},{"type":"header","content":"Block Parallax"},{"type":"checkbox","id":"home_block_parallax_show","label":"Show Block Parallax","default":true},{"type":"image","id":"parallax.jpg","label":"Background Image"},{"type":"text","id":"home_bp_heading","label":"Heading"},{"type":"color","id":"home_bp_color","label":"Text Color"},{"type":"text","id":"home_bp_height","label":"Height (in px)"},{"type":"text","id":"home_bp_position","label":"Position Top","info":"used percent (eg: 10%)"},{"type":"checkbox","id":"show_home_block_parallax_1","label":"Show Block #1","default":true},{"type":"image","id":"parallax_author_1.png","label":"Image #1"},{"type":"textarea","id":"home_bp_caption_1","label":"Content #1"},{"type":"text","id":"home_bp_author_1","label":"Author #1"},{"type":"checkbox","id":"show_home_block_parallax_2","label":"Show Block #2","default":true},{"type":"image","id":"parallax_author_2.png","label":"Image #2"},{"type":"textarea","id":"home_bp_caption_2","label":"Content #2"},{"type":"text","id":"home_bp_author_2","label":"Author #2"},{"type":"checkbox","id":"show_home_block_parallax_3","label":"Show Block #3","default":true},{"type":"image","id":"parallax_author_3.png","label":"Image #3"},{"type":"textarea","id":"home_bp_caption_3","label":"Content #3"},{"type":"text","id":"home_bp_author_3","label":"Author #3"},{"type":"header","content":"Block Sale Product"},{"type":"paragraph","content":"Block Text"},{"type":"checkbox","id":"home_sp_text","label":"Show Block Text","default":true},{"type":"image","id":"home_sp_text_bg.jpg","label":"Background Image"},{"type":"text","id":"home_sp_heading_text_1","label":"Heading"},{"type":"text","id":"home_sp_subheading_text_1","label":"Sub Heading"},{"type":"text","id":"home_sp_caption_text_1","label":"Caption"},{"type":"paragraph","content":"Block Product"},{"type":"checkbox","id":"home_sp","label":"Show Block Products","default":true},{"type":"text","id":"home_sp_1","label":"Product Handle 1"},{"type":"text","id":"home_sp_2","label":"Product Handle 2"},{"type":"text","id":"home_sp_3","label":"Product Handle 3"},{"type":"text","id":"home_sp_4","label":"Product Handle 4"},{"type":"text","id":"home_sp_5","label":"Product Handle 5"},{"type":"text","id":"home_sp_6","label":"Product Handle 6"},{"type":"header","content":"Our Blog"},{"type":"checkbox","id":"home_blog_show","label":"Show Our Blog","default":true},{"type":"text","id":"home_blog_heading","label":"Heading"},{"type":"blog","id":"home_blog_select","label":"Blog To Use:"},{"type":"text","id":"home_blog_number","label":"Number Article to display"}]},{"name":"Homepage Bottom","settings":[{"type":"header","content":"Instagram Widget"},{"type":"checkbox","id":"show_instagram","label":"Show Instagram Widget","default":true},{"type":"text","id":"instagram_heading","label":"Heading","default":"Adeline Instagram"},{"type":"textarea","id":"instagram_caption","label":"Caption"},{"type":"text","id":"instagram_id","label":"Instagram Client ID [( ? )](http:\/\/jelled.com\/instagram\/access-token)"},{"type":"text","id":"instagram_token","label":"Instagram Access Token [( ? )](http:\/\/jelled.com\/instagram\/access-token)"},{"type":"text","id":"instagram_userid","label":"Instagram User ID [( ? )](http:\/\/jelled.com\/instagram\/lookup-user-id)"},{"type":"text","id":"instagram_username","label":"Instagram Username"},{"type":"text","id":"instagram_number","label":"Number","default":"10"},{"type":"text","id":"instagram_button","label":"Button Text"},{"type":"text","id":"instagram_button_link","label":"Button Link"},{"type":"header","content":"Brands Logo"},{"type":"checkbox","id":"show_brands","label":"Show Brands Logo","default":true},{"type":"paragraph","content":"Logo 1"},{"type":"checkbox","id":"brands_logo_show_1","label":"Show Logo 1","default":true},{"type":"image","id":"brands_logo_1.png","label":"Logo 1 Image"},{"type":"text","id":"brands_link_1","label":"Logo 1 Link","default":"#"},{"type":"paragraph","content":"Logo 2"},{"type":"checkbox","id":"brands_logo_show_2","label":"Show Logo 2","default":true},{"type":"image","id":"brands_logo_2.png","label":"Logo 2 Image"},{"type":"text","id":"brands_link_2","label":"Logo 2 Link","default":"#"},{"type":"paragraph","content":"Logo 3"},{"type":"checkbox","id":"brands_logo_show_3","label":"Show Logo 3","default":true},{"type":"image","id":"brands_logo_3.png","label":"Logo 3 Image"},{"type":"text","id":"brands_link_3","label":"Logo 3 Link","default":"#"},{"type":"paragraph","content":"Logo 4"},{"type":"checkbox","id":"brands_logo_show_4","label":"Show Logo 4 ","default":true},{"type":"image","id":"brands_logo_4.png","label":"Logo 4 Image"},{"type":"text","id":"brands_link_4","label":"Logo 4 Link","default":"#"},{"type":"paragraph","content":"Logo 5"},{"type":"checkbox","id":"brands_logo_show_5","label":"Show Logo 5","default":true},{"type":"image","id":"brands_logo_5.png","label":"Logo 5 Image"},{"type":"text","id":"brands_link_5","label":"Logo 5 Link","default":"#"},{"type":"paragraph","content":"Logo 6"},{"type":"checkbox","id":"brands_logo_show_6","label":"Show Logo 6","default":true},{"type":"image","id":"brands_logo_6.png","label":"Logo 6 Image"},{"type":"text","id":"brands_link_6","label":"Logo 6 Link","default":"#"},{"type":"paragraph","content":"Logo 7"},{"type":"checkbox","id":"brands_logo_show_7","label":"Show Logo 7","default":true},{"type":"image","id":"brands_logo_7.png","label":"Logo 7 Image"},{"type":"text","id":"brands_link_7","label":"Logo 7 Link","default":"#"},{"type":"paragraph","content":"Logo 8"},{"type":"checkbox","id":"brands_logo_show_8","label":"Show Logo 8","default":true},{"type":"image","id":"brands_logo_8.png","label":"Logo 8 Image"},{"type":"text","id":"brands_link_8","label":"Logo 8 Link","default":"#"}]},{"name":"Limited Offers","settings":[{"type":"header","content":"Overview"},{"type":"checkbox","id":"use_limited_offers","label":"Use Limited Offers "},{"type":"text","id":"heading_limited_offers","label":"Label Heading"},{"type":"color","id":"heading_limited_offers_color","label":"Color"},{"type":"color","id":"heading_limited_offers_bg","label":"Background"},{"type":"header","content":"Configuration"},{"type":"paragraph","content":"Offer #1"},{"type":"checkbox","id":"use_offer_1","label":"Use "},{"type":"text","id":"product_handle_offer_1","label":"Product Handle"},{"type":"text","id":"expire_offer_1","label":"Expire","info":"(mm-dd-yyyy)"},{"type":"paragraph","content":"Offer #2"},{"type":"checkbox","id":"use_offer_2","label":"Use "},{"type":"text","id":"product_handle_offer_2","label":"Product Handle"},{"type":"text","id":"expire_offer_2","label":"Expire","info":"(mm-dd-yyyy)"},{"type":"paragraph","content":"Offer #3"},{"type":"checkbox","id":"use_offer_3","label":"Use "},{"type":"text","id":"product_handle_offer_3","label":"Product Handle"},{"type":"text","id":"expire_offer_3","label":"Expire","info":"(mm-dd-yyyy)"},{"type":"paragraph","content":"Offer #4"},{"type":"checkbox","id":"use_offer_4","label":"Use "},{"type":"text","id":"product_handle_offer_4","label":"Product Handle"},{"type":"text","id":"expire_offer_4","label":"Expire","info":"(mm-dd-yyyy)"},{"type":"paragraph","content":"Offer #5"},{"type":"checkbox","id":"use_offer_5","label":"Use "},{"type":"text","id":"product_handle_offer_5","label":"Product Handle"},{"type":"text","id":"expire_offer_5","label":"Expire","info":"(mm-dd-yyyy)"},{"type":"paragraph","content":"Offer #6"},{"type":"checkbox","id":"use_offer_6","label":"Use "},{"type":"text","id":"product_handle_offer_6","label":"Product Handle"},{"type":"text","id":"expire_offer_6","label":"Expire","info":"(mm-dd-yyyy)"},{"type":"paragraph","content":"Offer #7"},{"type":"checkbox","id":"use_offer_7","label":"Use "},{"type":"text","id":"product_handle_offer_7","label":"Product Handle"},{"type":"text","id":"expire_offer_7","label":"Expire","info":"(mm-dd-yyyy)"},{"type":"paragraph","content":"Offer #8"},{"type":"checkbox","id":"use_offer_8","label":"Use "},{"type":"text","id":"product_handle_offer_8","label":"Product Handle"},{"type":"text","id":"expire_offer_8","label":"Expire","info":"(mm-dd-yyyy)"},{"type":"paragraph","content":"Offer #9"},{"type":"checkbox","id":"use_offer_9","label":"Use "},{"type":"text","id":"product_handle_offer_9","label":"Product Handle"},{"type":"text","id":"expire_offer_9","label":"Expire","info":"(mm-dd-yyyy)"},{"type":"paragraph","content":"Offer #10"},{"type":"checkbox","id":"use_offer_10","label":"Use "},{"type":"text","id":"product_handle_offer_10","label":"Product Handle"},{"type":"text","id":"expire_offer_10","label":"Expire","info":"(mm-dd-yyyy)"},{"type":"paragraph","content":"Offer #11"},{"type":"checkbox","id":"use_offer_11","label":"Use "},{"type":"text","id":"product_handle_offer_11","label":"Product Handle"},{"type":"text","id":"expire_offer_11","label":"Expire","info":"(mm-dd-yyyy)"},{"type":"paragraph","content":"Offer #12"},{"type":"checkbox","id":"use_offer_12","label":"Use "},{"type":"text","id":"product_handle_offer_12","label":"Product Handle"},{"type":"text","id":"expire_offer_12","label":"Expire","info":"(mm-dd-yyyy)"},{"type":"paragraph","content":"Offer #13"},{"type":"checkbox","id":"use_offer_13","label":"Use "},{"type":"text","id":"product_handle_offer_13","label":"Product Handle"},{"type":"text","id":"expire_offer_13","label":"Expire","info":"(mm-dd-yyyy)"},{"type":"paragraph","content":"Offer #14"},{"type":"checkbox","id":"use_offer_14","label":"Use "},{"type":"text","id":"product_handle_offer_14","label":"Product Handle"},{"type":"text","id":"expire_offer_14","label":"Expire","info":"(mm-dd-yyyy)"},{"type":"paragraph","content":"Offer #15"},{"type":"checkbox","id":"use_offer_15","label":"Use "},{"type":"text","id":"product_handle_offer_15","label":"Product Handle"},{"type":"text","id":"expire_offer_15","label":"Expire","info":"(mm-dd-yyyy)"}]},{"name":"Footer","settings":[{"type":"header","content":"Overview"},{"type":"select","id":"footer_placement","label":"Footer Width Mode","options":[{"value":"full","label":"Wide"},{"value":"boxes","label":"Boxes"}]},{"type":"color","id":"footer_bg","label":"Footer Content Background","default":"#ffffff"},{"type":"color","id":"footer_copyright_bg","label":"Footer Copyright Background","default":"#ffffff"},{"type":"color","id":"footer_border","label":"Footer Border","default":"#ffffff"},{"type":"color","id":"footer_title_color","label":"Footer Title Color","default":"#ffffff"},{"type":"color","id":"footer_text_color","label":"Footer Text Color","default":"#ffffff"},{"type":"color","id":"footer_color","label":"Footer Link Color","default":"#ffffff"},{"type":"color","id":"footer_color_hover","label":"Footer Link Hover Color","default":"#ffffff"},{"type":"header","content":"About The Shop"},{"type":"select","id":"footer_about_shop_block","label":"Select a Block To Use","options":[{"value":"default","label":"Default Block"},{"value":"custom","label":"Custom Block"},{"value":"none","label":"None"}],"default":"default"},{"type":"image","label":"Image","id":"footer_logo.png","info":"(use for default block)"},{"type":"textarea","id":"footer_about_shop_caption","label":"Content","info":"(use for default block)"},{"type":"snippet","id":"footer_about_shop_block_snippet","label":"Select a Snippet File","info":"(use for custom block)"},{"type":"header","content":"Block Categories"},{"type":"select","id":"footer_categories_block","label":"Select a Block To Use","options":[{"value":"default","label":"Default Block"},{"value":"custom","label":"Custom Block"},{"value":"none","label":"None"}],"default":"default"},{"type":"text","id":"footer_categories_heading","label":"heading ","default":"Categories","info":"(use for default block)"},{"type":"snippet","id":"footer_categories_block_snippet","label":"Select a Snippet File","info":"(use for custom block)"},{"type":"header","content":"Block About Store"},{"type":"select","id":"footer_about_store_block","label":"Select a Block To Use","options":[{"value":"default","label":"Default Block"},{"value":"custom","label":"Custom Block"},{"value":"none","label":"None"}],"default":"default"},{"type":"text","id":"footer_about_store_heading","label":"Heading","default":"About Store","info":"(use for default block)"},{"type":"link_list","id":"footer_about_store_linklist","label":"Select a Linklist ","info":"(use for default block)"},{"type":"snippet","id":"footer_about_store_block_snippet","label":"Select a Snippet File","info":"(use for custom block)"},{"type":"header","content":"Block Customer Service"},{"type":"select","id":"footer_cs_block","label":"Select a Block To Use","options":[{"value":"default","label":"Default Block"},{"value":"custom","label":"Custom Block"},{"value":"none","label":"None"}],"default":"default"},{"type":"text","id":"footer_cs_heading","label":"Heading ","default":"Customer Service","info":"(use for default block)"},{"type":"link_list","id":"footer_cs_linklist","label":"Select a Linklist ","info":"(use for default block)"},{"type":"snippet","id":"footer_cs_block_snippet","label":"Select a Snippet File","info":"(use for custom block)"},{"type":"header","content":"Block Information"},{"type":"select","id":"footer_info_block","label":"Select a Block To Use","options":[{"value":"default","label":"Default Block"},{"value":"custom","label":"Custom Block"},{"value":"none","label":"None"}],"default":"default"},{"type":"text","id":"footer_info_heading","label":"Heading ","default":"Information","info":"(use for default block)"},{"type":"link_list","id":"footer_info_linklist","label":"Select a Linklist ","info":"(use for default block)"},{"type":"snippet","id":"footer_info_block_snippet","label":"Select a Snippet File","info":"(use for custom block)"},{"type":"header","content":"Newsletter Widget"},{"type":"checkbox","id":"show_mailing_list","label":"Show Newsletter"},{"type":"text","id":"mailing_list_heading","label":"Heading"},{"type":"text","id":"mailing_form_action","label":"Newsletter Form Action"},{"type":"paragraph","content":"[Where do I get my Newsletter Form Action](http:\/\/support.shopify.com\/customer\/portal\/articles\/640278)"},{"type":"text","id":"mailing_list_email_text","label":"Text Displayed On The E-mail Field","default":"enter your email address"},{"type":"text","id":"mailing_list_button","label":"Subscribe Button","default":"Subscribe"},{"type":"header","content":"Block Social"},{"type":"checkbox","id":"show_social_icons","label":"Show Social","default":true},{"type":"text","id":"social_icons_caption","label":"Caption"},{"type":"checkbox","id":"social_icons_facebook_show","label":"Facebook","default":true},{"type":"text","id":"social_icons_facebook_link","label":"Facebook Link"},{"type":"checkbox","id":"social_icons_twitter_show","label":"Twitter","default":true},{"type":"text","id":"social_icons_twitte_link","label":"Twitte Link"},{"type":"checkbox","id":"social_icons_youtube_show","label":"Youtube","default":true},{"type":"text","id":"social_icons_youtube_link","label":"Youtube Link"},{"type":"checkbox","id":"social_icons_tumblr_show","label":"Tumblr","default":true},{"type":"text","id":"social_icons_tumblr_link","label":"Tumblr Link"},{"type":"checkbox","id":"social_icons_google_show","label":"Google+","default":true},{"type":"text","id":"social_icons_google_link","label":"Google Link"},{"type":"checkbox","id":"social_icons_pinterest_show","label":"Pinterest","default":true},{"type":"text","id":"social_icons_pinterest_link","label":"Pinterest Link"},{"type":"checkbox","id":"social_icons_instagram_show","label":"Instagram","default":true},{"type":"text","id":"social_icons_instagram_link","label":"Instagram Link"},{"type":"checkbox","id":"social_icons_rss_show","label":"RSS","default":true},{"type":"text","id":"social_icons_rss_link","label":"RSS Link"}]},{"name":"Product Page","settings":[{"type":"header","content":"Overview"},{"type":"checkbox","id":"show_effect_zoom","label":"Effect Zoom For Main Product Image "},{"type":"checkbox","id":"show_swatches_color","label":"Adding Color Swatches"},{"type":"checkbox","id":"show_swatches_sizer","label":"Adding Size Swatches"},{"type":"checkbox","id":"show_product_sku","label":"Show SKU"},{"type":"checkbox","id":"show_qty_in_stock","label":"Show Quantity Item In Stock"},{"type":"header","content":"Social Sharing"},{"type":"checkbox","id":"show_social_sharing","label":"Show Social Sharing"},{"type":"text","id":"caption_social_sharing","label":"Caption"},{"type":"checkbox","id":"share_facebook","label":"Share on Facebook"},{"type":"checkbox","id":"share_twitter","label":"Tweet on Twitter"},{"type":"checkbox","id":"share_pinterest","label":"Pin on Pinterest"},{"type":"checkbox","id":"share_google","label":"+1 on Google Plus"},{"type":"checkbox","id":"share_email","label":"Email","default":true},{"type":"header","content":"Sidebar Placement"},{"type":"select","id":"sidebar_product_page","options":[{"value":"left","label":"Left"},{"value":"right","label":"Right"},{"value":"none","label":"None"}],"default":"left"},{"type":"header","content":"Product Tab"},{"type":"checkbox","id":"show_detail_product_tab","label":"Show Product Tab"},{"type":"checkbox","id":"product_tab_description","label":"Product Description"},{"type":"page","id":"product_tab_shipping","label":"Shipping Page"},{"type":"page","id":"product_tab_size_chart","label":"Size Chart Page"},{"type":"checkbox","id":"product_tab_review","label":"Show Product Review"},{"type":"page","id":"product_tab_custom","label":"Custom Tab"},{"type":"checkbox","id":"product_tab_video","label":"Product Video"},{"type":"header","content":"Related Product"},{"type":"checkbox","id":"show_related_product","label":"Show Related Product"},{"type":"text","id":"heading_related_product","label":"Heading"},{"type":"text","id":"number_related_product","label":"Number Item To Display"}]},{"name":"Sidebar in Product Page","settings":[{"type":"header","content":"Categories"},{"type":"checkbox","id":"show_sbp_categorie","label":"Show Categories","default":true},{"type":"text","id":"heading_sbp_categorie","label":"Heading","default":"Categories"},{"type":"text","id":"number_sbp_categorie","label":"Number Categorie To Display"},{"type":"header","content":"Recently Viewed"},{"type":"checkbox","id":"show_recently_viewed","label":"Show Recently Viewed"},{"type":"text","id":"heading_recently_viewed","label":"Recently Viewed Heading"},{"type":"header","content":"Custom Block"},{"type":"checkbox","id":"show_sbp_custom_block","label":"Show Custom Block "},{"type":"text","id":"heading_sbp_custom_block","label":"Custom Block Heading","default":"Custom Block"},{"type":"page","id":"page_sbp_custom_block","label":"Page To Use"}]},{"name":"Collection Page","settings":[{"type":"header","content":"Sidebar Placement"},{"type":"select","id":"sidebar_collection_page","options":[{"value":"left","label":"Left"},{"value":"right","label":"Right"},{"value":"none","label":"None"}],"default":"left"},{"type":"header","content":"Overview"},{"type":"checkbox","id":"show_col_all_banner","label":"Show Banner","info":"(use when collection handle is all)"},{"type":"image","id":"collection_all.jpg"},{"type":"checkbox","id":"show_col_descrip","label":"Show Description "},{"type":"checkbox","id":"show_col_gl","label":"Show Grid\/List "},{"type":"checkbox","id":"show_col_sort_by","label":"Show Sort by "},{"type":"text","id":"number_product_per_page","label":"Number Product Per Page "}]},{"name":"Sidebar in Catalog Page","settings":[{"type":"header","content":"Categories"},{"type":"checkbox","id":"show_sb_categorie","label":"Show Categories","default":true},{"type":"text","id":"heading_sb_categorie","label":"Heading","default":"Categories"},{"type":"text","id":"number_sb_categorie","label":"Number Categorie To Display"},{"type":"header","content":"Filter"},{"type":"checkbox","id":"show_sb_filters","label":"Show Filter ","default":true},{"type":"text","id":"heading_sb_filters","label":"Filter Heading","default":"Filter"},{"type":"radio","id":"sb_filters","options":[{"value":"tags","label":"Filter by Tags"},{"value":"groups","label":"Filter by Groups"}]},{"type":"header","content":"Feature Product"},{"type":"checkbox","id":"show_sb_fp","label":"Show Feature Product ","default":true},{"type":"text","id":"heading_sb_fp","label":"Feature Product Heading","default":"Feature Product"},{"type":"collection","id":"sb_fp_collections","label":"Select a Collection"},{"type":"text","id":"sb_fp_number","label":"Number of Items","default":"3"},{"type":"header","content":"Custom Block"},{"type":"checkbox","id":"show_sb_custom_block","label":"Show Custom Block "},{"type":"text","id":"heading_sb_custom_block","label":"Custom Block Heading","default":"Custom Block"},{"type":"page","id":"page_sb_custom_block","label":"Page To Use"}]},{"name":"Blog Page","settings":[{"type":"header","content":"Overview"},{"type":"text","id":"blog_pagination_limit","label":"Number of Articles Per Page","default":"5"},{"type":"text","id":"comment_pagination_limit","label":"Number of Comments Per Page","default":"10"},{"type":"header","content":"Sidebar"},{"type":"select","id":"blog_sb_placement","label":"Sidebar Placement","options":[{"value":"left","label":"Left"},{"value":"right","label":"Right"},{"value":"none","label":"None"}]},{"type":"paragraph","content":"Recent Articles"},{"type":"checkbox","id":"show_recent_articles","label":"Show Recent Articles","default":true},{"type":"text","id":"recent_articles_title","label":"Recent Articles Title"},{"type":"text","id":"recent_articles_number","label":"Number of Articles To Show","default":"2"},{"type":"paragraph","content":"Tags"},{"type":"checkbox","id":"show_tags_in_blog","label":"Show Tags","default":true},{"type":"text","id":"tags_in_blog_title","label":"Tags Title"},{"type":"paragraph","content":"Banner"},{"type":"checkbox","id":"show_sidebar_blog_image","label":"Show Banner"},{"type":"image","id":"sidebar_blog_image.jpg","label":"Upload a Image"},{"type":"text","id":"sidebar_blog_image_link","label":"Link"},{"type":"paragraph","content":"Custom Block"},{"type":"checkbox","id":"show_sidebar_blog_custom","label":"Show Custom Block"},{"type":"text","id":"sidebar_blog_custom_title","label":"Title"},{"type":"textarea","id":"sidebar_blog_custom_caption","label":"Caption"}]},{"name":"Cart Page","settings":[{"type":"header","content":"Shipping Calculator"},{"type":"select","id":"shipping_calculator","label":"Show The Shipping Calculator","options":[{"value":"Disabled","label":"No"},{"value":"Enabled","label":"Yes"}],"default":"Enabled"},{"type":"text","id":"shipping_calculator_default_country","label":"Default Country Selection","default":"United States"},{"type":"paragraph","content":"If your customer is logged-in, the country in his default shipping address will be selected. If you are not sure about the spelling to use here, refer to the first checkout page."},{"type":"header","content":"Related Product"},{"type":"checkbox","id":"show_cart_related_product","label":"Show Related Product"},{"type":"text","id":"cart_related_product_title","label":"Related Product Title"},{"type":"collection","id":"cart_related_product","label":"Select Collection To Use"},{"type":"text","id":"cart_related_product_number","label":"Number of Items To Show"}]},{"name":"Contact Page","settings":[{"type":"checkbox","id":"contact_map","label":"Show Contact Page","default":true},{"type":"header","content":"Contact Form"},{"type":"select","id":"contact_type","label":"Select Map Type","options":[{"value":"ROADMAP","label":"Normal map"},{"value":"SATELLITE","label":"Satellite"},{"value":"HYBRID","label":"Hybrid"},{"value":"TERRAIN","label":"Terrain"}]},{"type":"select","id":"contact_zoom_lv","label":"Select Zoom Level","options":[{"value":"0","label":"0"},{"value":"1","label":"1"},{"value":"2","label":"2"},{"value":"3","label":"3"},{"value":"4","label":"4"},{"value":"5","label":"5"},{"value":"6","label":"6"},{"value":"7","label":"7"},{"value":"8","label":"8"},{"value":"9","label":"9"},{"value":"10","label":"10"},{"value":"11","label":"11"},{"value":"12","label":"12"},{"value":"13","label":"13"},{"value":"14","label":"14"},{"value":"15","label":"15"},{"value":"16","label":"16"},{"value":"17","label":"17"},{"value":"18","label":"18"},{"value":"19","label":"19"},{"value":"20","label":"20"},{"value":"21","label":"21"}]},{"type":"text","id":"contact_address","label":"Map Address"},{"type":"checkbox","id":"contact_scroll","label":"Scroll Wheel","default":true},{"type":"header","content":"Contact Info Page"},{"type":"page","id":"select_contact_page"}]},{"name":"Wishlist Page","settings":[{"type":"checkbox","id":"wishlist_page","label":"Use Wishlist"},{"type":"page","id":"select_wishlist_page","label":"Wishlist Page"}]}]